date,A1_actual,A2_actual,B1_actual,B2_actual,cohort_A_actual,cohort_B_actual,aggregate_actual,A2_pred,B1_pred,B2_pred,A1_pred,cohort_A_pred,cohort_B_pred,aggregate_pred,label
1/1/23,410886.45,43009.42,252016.7,31830.27,453895.87,283846.97,737742.84,66904.15737,301920.8955,37713.25145,567870.2798,636680.6459,335671.4711,954132.9679,train
1/2/23,471699.9,59401.16,271269.7,37714.74,531101.06,308984.44,840085.5,70251.77638,292117.1426,36534.83424,545225.031,618343.5243,325058.1398,924967.0229,train
1/3/23,488230.38,59444.39,236486.5,31429.3,547674.77,267915.8,815590.57,71876.22621,273168.1647,35442.06868,566317.77,639942.8388,306679.9309,932026.4642,train
1/4/23,493331.81,57254.9,266749.62,32362.67,550586.71,299112.29,849699,70137.34893,275393.827,35138.62156,577081.8737,648561.903,307468.413,941944.639,train
1/5/23,536256.46,65194.16,241683.87,35848.57,601450.62,277532.44,878983.06,66983.0251,261670.6462,33638.85545,543875.3943,611940.9641,292476.5493,891597.0473,train
1/6/23,467431.08,63671.67,218186.2,37699.96,531102.75,255886.16,786988.91,65279.16427,248248.3805,32119.23913,514034.6389,580539.2163,277649.2379,846991.3351,train
1/7/23,486816.45,47676.67,231061.8,32377.59,534493.12,263439.39,797932.51,63036.59868,253063.5911,33550.96582,499890.6856,563754.5334,284695.0963,836763.3061,train
1/8/23,510545.41,45445.17,257562.8,25517.84,555990.58,283080.64,839071.22,67964.30311,279712.7976,37337.75156,560650.3252,629613.7491,315472.2947,934024.5886,train
1/9/23,506869.33,59004.92,241102.9,33416.2,565874.25,274519.1,840393.35,71362.19053,270301.8736,36144.89236,537252.6831,610438.698,305125.3695,903993.8486,train
1/10/23,488035.98,64240.2,248611.3,29365.28,552276.18,277976.58,830252.76,73008.03239,252531.7174,35039.5449,557026.7706,630754.5568,287590.9126,909540.3521,train
1/11/23,495460.7,66629.67,236214.2,32951.7,562090.37,269165.9,831256.27,71236.22225,254422.1163,34716.74927,566658.7203,638302.739,288114.5933,917993.7798,train
1/12/23,480696.21,64915.82,219832.4,35370.85,545612.03,255203.25,800815.28,68025.90316,241652.307,33214.45215,533222.8751,601438.9372,273925.9139,867902.4628,train
1/13/23,488952.44,79955.39,221070.9,27234.99,568907.83,248305.89,817213.72,66287.90108,229233.0127,31695.71199,503251.9222,569865.5161,259966.7576,823639.9755,train
1/14/23,514870.71,69571.36,224174.53,38550.94,584442.07,262725.47,847167.54,64002.20149,233718.6266,33090.90586,488777.8954,552767.9874,266551.855,812991.6124,train
1/15/23,547536.5,81442.22,255851.6,46611.63,628978.72,302463.23,931441.95,68995.06528,258443.2426,36807.82877,547561.4225,616727.3668,295422.2863,906850.9717,train
1/16/23,687940.6,94394.11,290288.12,42357.41,782334.71,332645.53,1114980.24,72432.44885,249922.3095,35616.26451,524185.7203,597423.2525,285850.5032,877215.9447,train
1/17/23,559474.65,87606.47,218569.7,42371.34,647081.12,260941.04,908022.16,74089.47618,233714.8232,34513.67332,543013.4689,616846.1556,269594.3385,882257.7652,train
1/18/23,561431.99,88587.54,214500.6,30486.96,650019.53,244987.56,895007.09,72277.13571,235747.8028,34184.22848,552009.3625,623842.8224,270314.8278,890254.7456,train
1/19/23,503742.8,71264.41,196121.3,28446.12,575007.21,224567.42,799574.63,69005.2389,224238.8019,32695.74451,519142.2687,587526.7682,257275.2965,841616.6707,train
1/20/23,442226.99,60281.2,190590.9,27539.36,502508.19,218130.26,720638.45,67226.95775,213071.1542,31193.64189,489754.0182,556482.5772,244473.3284,798760.2855,train
1/21/23,428527.55,56436.64,198213.8,36536.75,484964.19,234750.55,719714.74,64893.25033,217653.1129,32561.18634,475533.1455,539659.9181,251032.0041,788617.218,train
1/22/23,519665.25,68757.35,242896,30443.04,588422.6,273339.04,861761.64,69937.84783,241186.2584,36214.51936,532647.3356,602036.6743,278679.9516,879997.0669,train
1/23/23,495511.45,66670.78,232384.9,28837.8,562182.23,261222.7,823404.93,73402.6012,233773.3578,35040.24204,509905.649,583200.3673,270143.1355,851685.2206,train
1/24/23,620836.09,94302.77,236636.3,32332.58,715138.86,268968.88,984107.74,91137.37566,228503.492,34632.19982,715986.8089,803994.1108,264320.0937,1065841.327,train
1/25/23,677144.35,79987.8,257021,36438.77,757132.15,293459.77,1050591.92,88882.14038,231107.7181,34303.77801,728039.3625,813318.5305,265597.3659,1076357.952,train
1/26/23,528643.2,83807.99,229641.76,37601.07,612451.19,267242.83,879694.02,69868.46499,211434.3781,32173.01577,505395.5175,573971.4377,244710.0486,819069.0913,train
1/27/23,542247.12,79728.48,203819.3,38956.97,621975.6,242776.27,864751.87,68046.60607,201504.2571,30700.4656,477031.1161,543902.7751,233100.3275,778173.1486,train
1/28/23,518145.2,79617.3,233599,39355.49,597762.5,272954.49,870716.99,65663.17349,206479.6451,32054.03731,463473.6649,527767.9844,239967.3871,769182.6949,train
1/29/23,570922.4,69869.79,260645.2,39810.45,640792.19,300455.65,941247.84,70743.99386,229545.8287,35661.02847,519528.2947,589173.3023,267109.5154,859398.9248,train
1/30/23,498203.5,71202.23,252154.2,28548.1,569405.73,280702.3,850108.03,74223.18141,223234.589,34516.86848,497773.3166,571185.2459,259645.8646,832888.1227,train
1/31/23,583989.52,82077.16,265586.5,39352.76,666066.68,304939.26,971005.94,75873.20556,209997.9372,33462.09187,516214.8657,590348.7511,246071.0824,839454.8776,train
2/1/23,571984.7,93000.17,256167.9,44763.69,664984.87,300931.59,965916.46,73968.941,213135.8838,33160.08246,525459.2561,597767.1044,247986.4596,849048.6579,train
2/2/23,578509.69,76452.21,256548.6,42176.91,654961.9,298725.51,953687.41,70572.98875,204030.4949,31736.37166,494932.9311,563759.0448,237276.6296,804706.7461,train
2/3/23,524370.25,72688.94,220721.8,36405.32,597059.19,257127.12,854186.31,68706.79081,195149.2159,30300.91664,467729.8501,534818.0226,226708.058,765820.5796,train
2/4/23,510273.5,79460.17,244627,41951.34,589733.67,286578.34,876312.01,66274.67898,200693.9538,31656.28212,455029.4764,519562.8178,234105.752,758297.5242,train
2/5/23,510410.16,70885.43,244011.5,32456.07,581295.59,276467.57,857763.16,71374.77329,223926.4842,35241.75096,510762.7056,580729.8359,261393.0808,848762.2633,train
2/6/23,554334.6,75392.48,255800.4,33263.84,629727.08,289064.24,918791.32,90887.49909,227880.2988,34815.2018,664196.18,752573.4229,263896.1245,1024740.562,train
2/7/23,766743.05,118778.83,265500.9,32435.93,885521.88,297936.83,1183458.71,92870.23455,215143.5229,33776.44485,689825.8457,778859.3341,250875.3041,1034754.893,train
2/8/23,654160.45,86555.55,252217.2,38473.37,740716,290690.57,1031406.57,74537.59014,210179.2934,32843.38742,518893.3988,591555.3913,244942.5413,843254.1403,train
2/9/23,558090.55,81986.87,231843.5,35741.43,640077.42,267584.93,907662.35,71085.77995,201910.6106,31459.00462,489513.2421,558682.7776,235079.7357,800741.3968,train
2/10/23,483337.29,83767.73,188180.4,35024.89,567105.02,223205.29,790310.31,69176.68461,193790.949,30061.65414,463344.7686,530757.6835,225284.8852,763505.8922,train
2/11/23,420400.65,76259.47,195895.3,27697.64,496660.12,223592.94,720253.06,66699.30316,199972.1125,31433.95775,451490.1963,516361.3674,233323.0429,757449.6676,train
2/12/23,466992.75,73661.49,211797.6,29866.46,540654.24,241664.06,782318.3,71800.89435,223856.1669,35025.9455,507612.8103,577988.1898,261270.5796,849421.3492,train
2/13/23,442054.4,71303.76,186309,31180.44,513358.16,217489.44,730847.6,75184.59838,218812.4872,33957.50097,486551.0791,560502.6478,255011.6988,823806.0006,train
2/14/23,485925.85,65757.93,177032.7,27686.87,551683.78,204719.57,756403.35,76704.72082,206860.1082,32975.52757,504802.3869,579496.9861,242647.0784,830894.9411,train
2/15/23,558979.85,77028.23,200752.7,29307.72,636008.08,230060.42,866068.5,74631.64249,210958.9255,32734.9594,514088.2653,586985.2756,245485.747,840978.2746,train
2/16/23,498009,75540.73,201003.9,41219.65,573549.73,242223.55,815773.28,71063.71923,202877.238,31385.6639,484461.8032,553791.1104,235762.7836,797588.2728,train
2/17/23,505856.9,76485.54,194725.5,32122.84,582342.44,226848.34,809190.78,69046.40787,194898.5162,30020.98777,458060.4406,525550.1816,226067.3502,759513.0148,train
2/18/23,494422.7,80918.72,195964.8,33675.07,575341.42,229639.87,804981.29,66468.75369,201268.5202,31422.34221,445835.8188,510733.4171,234235.7014,752464.2817,train
2/19/23,494232.6,73904.8,240636.3,35796.63,568137.4,276432.93,844570.33,71439.74472,225441.35,35047.47158,500666.9482,571037.7085,262371.1351,842625.1667,train
2/20/23,532943.5,82673.86,231986.6,31855.36,615617.36,263841.96,879459.32,90786.57521,230249.7137,34689.38788,651329.1852,740209.247,265667.5975,1017704.613,train
2/21/23,654080.16,102657.23,204678,29335.18,756737.39,234013.18,990750.57,92579.26621,218099.176,33719.01546,676693.2393,766221.7879,253245.6841,1027911.328,train
2/22/23,610850.45,84596.07,231106,40493.9,695446.52,271599.9,967046.42,74153.20733,213702.9724,32850.62189,509150.7732,582036.3201,247864.7224,837783.3751,train
2/23/23,589838.25,99049.12,231014.4,30655.72,688887.37,261670.12,950557.49,70575.30146,205839.6518,31526.33854,480408.1769,549722.1468,238403.8416,795535.4567,train
2/24/23,551610.9,71678.2,191641.6,24619.78,623289.1,216261.38,839550.48,68539.90681,198016.1673,30183.47688,454761.8813,522223.6544,228903.7158,758415.2778,train
2/25/23,543421.55,76488.37,241773.8,34071.68,619909.92,275845.48,895755.4,65950.40879,204727.517,31620.95225,443111.2318,507984.5494,237449.3092,752149.4893,train
2/26/23,550666.6,74232.15,261832,35270.04,624898.75,297102.04,922000.79,70849.61658,229537.1269,35299.91323,498112.4389,568462.6234,266232.606,843048.9633,train
2/27/23,516257.35,84425.42,205283.2,26457.03,600682.77,231740.23,832423,74119.78978,225016.8832,34285.66592,478573.6417,552402.9144,260576.9804,819512.1874,train
2/28/23,525618.2,72392.82,225264.2,29248.09,598011.02,254512.29,852523.31,75548.31132,213259.7385,33353.67899,497626.8771,572224.3166,248549.8562,828309.5544,train
3/1/23,524265.96,69446.21,223886.7,28221.96,593712.17,252108.66,845820.83,73438.38848,217944.832,33167.88914,507825.7554,580653.4967,251989.0557,839961.0962,train
3/2/23,487637.45,78887.73,212978.95,35087.37,566525.18,248066.32,814591.5,69862.80577,209954.0169,31854.24039,479468.4042,548712.8451,242437.5292,797975.7291,train
3/3/23,487021.35,57434.13,197337.1,27014.72,544455.48,224351.82,768807.3,67816.91158,201960.4072,30518.53755,454121.6058,521500.0023,232799.6754,761007.1752,train
3/4/23,572961.9,65564.27,232159.7,40345.19,638526.17,272504.89,911031.06,65225.07063,208749.2025,31992.64163,442686.065,507463.1092,241472.3489,754893.9854,train
3/5/23,531703.3,67833.4,256241.4,39763.24,599536.7,296004.64,895541.34,70038.80426,233936.938,35736.19189,497807.4705,568030.9084,270676.049,846220.0329,train
3/6/23,580916.3,75548.83,216693.5,39718.95,656465.13,256412.45,912877.58,88925.10745,238949.9276,35420.35032,648369.5278,737027.5845,274183.9052,1022870.063,train
3/7/23,625135.08,85013.77,221525.2,34500.13,710148.85,256025.33,966174.18,90598.9063,226273.0409,34474.4839,674279.1895,763535.8372,261376.3349,1033723.855,train
3/8/23,585315.75,88883.27,231484.3,32046.65,674199.02,263530.95,937729.97,72501.76369,221560.0976,33627.35972,507732.8012,580354.4106,255748.3048,842812.2412,train
3/9/23,596066.3,74798.91,237152.7,29263.16,670865.21,266415.86,937281.07,68942.05663,213180.2498,32307.72197,479351.7297,548373.7122,245833.1757,800403.7242,train
3/10/23,492559.15,75826.05,207867.9,27197.05,568385.2,235064.95,803450.15,66894.70708,204783.2784,30962.84805,453938.3201,521076.8279,235812.9367,762970.978,train
3/11/23,464814.5,57936.31,215913.2,31171.27,522750.81,247084.47,769835.28,64311.23421,211343.9546,32466.73442,442392.99,506908.1761,244306.5682,756412.2345,train
3/12/23,505724.4,59153.15,217824.35,42854.38,564877.55,260678.73,825556.28,69029.19431,236448.0345,36272.76959,497301.5218,567200.3816,273489.6931,847352.7356,train
3/13/23,470671.3,65255.8,202657.23,35984.19,535927.1,238641.42,774568.52,72154.0514,231218.4929,35254.36447,477697.7359,551022.6726,267178.7903,823056.3076,train
3/14/23,528528.45,77640.38,218017.5,32258.53,606168.83,250276.03,856444.86,73483.24396,218526.0775,34315.12222,496519.8106,570536.0164,254297.193,831069.9285,train
3/15/23,488386.35,69462.27,215174,28867.09,557848.62,244041.09,801889.71,71372.34482,222637.0283,34138.78956,506400.1315,578579.4321,257189.6138,841755.0958,train
3/16/23,478674.33,62423.93,206144.9,34696.91,541098.26,240841.81,781940.07,67842.65818,213751.2551,32796.83222,477755.2215,546321.3241,246776.0502,798568.3785,train
3/17/23,548117.81,70776.47,198238.9,30140.44,618894.28,228379.34,847273.62,65803.96667,204865.9747,31427.34256,452070.7569,518733.8669,236271.4307,760369.69,train
3/18/23,479157.95,57583.64,212318.7,27369.43,536741.59,239688.13,776429.72,63240.24743,210931.579,32947.12275,440193.9934,504213.9154,244299.8169,752934.8034,train
3/19/23,519735.6,63752.3,266309.7,34658.66,583487.9,300968.36,884456.26,67856.40817,235413.7552,36799.56905,494369.8824,563687.1197,272923.5257,842395.6586,train
3/20/23,435159.3,59765.05,203402.6,32511.28,494924.35,235913.88,730838.23,70904.74356,229633.9917,35754.37879,474410.2423,547094.8535,266063.8898,817162.3241,train
3/21/23,474099.49,62849.99,201345.8,32159.59,536949.48,233505.39,770454.87,72187.96102,216477.498,34787.85585,492584.5981,565907.5877,252688.7001,823986.4052,train
3/22/23,442494.02,61870.95,209904.7,30178.84,504364.97,240083.54,744448.51,70092.87853,219981.6576,34592.96446,501832.3484,573290.551,254999.1865,833396.6236,train
3/23/23,448320.51,55882.01,210094.6,29710.89,504202.52,239805.49,744008.01,66607.02844,210652.3682,33215.54281,472901.5098,540744.0418,244126.4301,789486.1291,train
3/24/23,473628.41,65583.25,202230,30548.42,539211.66,232778.42,771990.08,64587.51052,201367.983,31809.7084,446945.5184,512867.2003,233205.7423,750601.908,train
3/25/23,428826.65,59359.43,201503.14,30823.9,488186.08,232327.04,720513.12,62054.81402,206787.6896,33326.17648,434670.7744,497942.679,240581.2173,742136.794,train
3/26/23,471766.4,54143.73,254738.2,38279.26,525910.13,293017.46,818927.59,66567.86046,230187.7358,37196.39201,487556.0291,556028.2931,268156.8344,829042.7085,train
3/27/23,525931.9,75977.93,225552.2,31653.02,601909.83,257205.22,859115.05,84436.54341,233504.9521,36831.62012,633296.2077,719598.641,270050.5376,998472.3201,train
3/28/23,571007.5,72169.56,219698.8,35413.81,643177.06,255112.61,898289.67,85945.84684,219565.8134,35806.35409,656711.2473,743456.2883,255896.8578,1005255.685,train
3/29/23,541572.1,67943.36,206042.6,33656.2,609515.46,239698.8,849214.26,68716.7657,213460.638,34879.42894,493010.8298,563485.6699,248857.6531,816398.3382,train
3/30/23,474420,66081.78,191504,30316.53,540501.78,221820.53,762322.31,65287.12802,203907.8578,33459.41698,463986.5412,530860.7116,237724.9189,772202.2537,train
3/31/23,478033.6,60094.61,195092,33325.42,538128.21,228417.42,766545.63,63296.80187,194456.898,32011.87007,437953.9677,502895.465,226603.5842,733062.1557,train
4/1/23,404795.4,55888.82,208908.7,33496.32,460684.22,242405.02,703089.24,60805.3129,199230.7323,33503.58387,425381.5542,487687.7972,233281.7058,723720.8983,train
4/2/23,458062.85,54758.47,241686.04,41356.37,512821.32,283042.41,795863.73,65218.48036,221284.0438,37354.44817,476535.2093,543948.1597,259493.6761,807299.1206,train
4/3/23,447945.65,55163.37,208350,30422.45,503109.02,238772.45,741881.47,68124.08555,214837.1163,36225.31836,456149.2786,526717.6366,251903.5126,780808.0663,train
4/4/23,492915,55032.72,215079.3,31685.14,547947.72,246764.44,794712.16,69334.54838,201604.7728,35176.59309,472444.4198,543582.0868,238253.0689,785041.4309,train
4/5/23,426633.3,59033.74,178812.9,40579.41,485667.04,219392.31,705059.35,67302.68881,203966.0009,34907.5314,480129.0152,549429.9595,239466.733,791745.6332,train
4/6/23,429518.5,57484.91,184357.1,29847.66,487003.41,214204.76,701208.17,63939.08123,194489.9334,33445.87258,451353.8827,517089.4409,228365.9155,747946.2334,train
4/7/23,443225.41,64819.22,189666.6,36191.51,508044.63,225858.11,733902.74,61986.48341,185167.3099,31959.34202,425570.2378,489371.2437,217334.6223,709191.4758,train
4/8/23,396530.8,59781.85,189252.2,36194.08,456312.65,225446.28,681758.93,59544.32887,189422.8197,33406.45622,412928.963,474133.1571,223405.5942,699370.1603,train
4/9/23,387222.15,56574.03,186696.5,32218.93,443796.18,218915.43,662711.61,63864.63001,210097.3417,37198.47107,462136.9,528369.4116,248164.2629,779319.8027,train
4/10/23,507442.35,74161.94,204807.1,37803.35,581604.29,242610.45,824214.74,80997.48114,212406.6664,36745.13686,598993.1879,682476.2674,249111.8262,936357.4834,train
4/11/23,699899.8,108259.45,230500.8,38346.54,808159.25,268847.34,1077006.59,82437.62421,199103.4114,35634.62886,619869.7931,703800.9128,235341.8355,940599.4596,train
4/12/23,566439.3,85990.39,218549.6,44519.68,652429.69,263069.28,915498.97,65907.81738,193013.094,34625.48596,464450.9898,532499.2835,228223.6451,762276.847,train
4/13/23,500705.1,69271.8,205592.3,37151.57,569976.9,242743.87,812720.77,62616.60827,183897.2154,33131.68681,436311.4875,500848.9403,217447.5318,719594.649,train
4/14/23,424919.15,73105.23,168119.9,26469.84,498024.38,194589.74,692614.12,60707.92714,174967.5807,31617.1146,411132.3929,473745.9961,206783.0824,681885.2302,train
4/15/23,410620,66338.29,187691.6,38619.55,476958.29,226311.15,703269.44,58320.4032,178898.7969,33004.93657,398704.7685,458781.7543,212421.6734,672087.5166,train
4/16/23,504181.38,71963.31,225740.6,41564.5,576144.69,267305.1,843449.79,62557.37315,198355.4854,36702.8632,446013.539,511064.5738,235840.7829,748594.9727,train
4/17/23,443355.9,67265.61,198351,39780.93,510621.51,238131.93,748753.44,65350.74138,192297.7993,35500.65834,426386.8892,494322.3814,228563.2864,723086.742,train
4/18/23,417666.2,72078.42,178397.1,31538.52,489744.62,209935.62,699680.24,66520.32804,180246.0211,34383.03929,441120.681,509652.411,215873.1357,726190.3385,train
4/19/23,464463.5,68671.68,197973,35302.36,533135.18,233275.36,766410.54,64580.95525,182201.5435,34031.31464,447860.4287,514709.431,216721.4694,731703.5941,train
4/20/23,375792.65,60343.87,202850.4,31283.87,436136.52,234134.27,670270.79,61364.60239,173640.1517,32521.98704,420678.1707,484085.66,206487.6128,690705.1651,train
4/21/23,350751.35,54535.72,149810.4,26997.14,405287.07,176807.54,582094.61,59503.12019,165274.0844,30996.75374,396390.8111,457898.2258,196384.3897,654546.9442,train
4/22/23,390413.9,58856.21,140557.2,29043.92,449270.11,169601.12,618871.23,57172.29482,169078.1603,32318.0056,384432.2441,443478.9124,201788.4527,645241.1968,train
4/23/23,401214.65,58064.04,186671.9,35967.9,459278.69,222639.8,681918.49,61336.49197,187592.7342,35896.31285,430111.0447,494107.2688,224116.4018,718871.5738,train
4/24/23,429278.25,67462.3,195387.9,32387.12,496740.55,227775.02,724515.57,64087.08319,182009.6257,34680.42376,411280.1946,478045.3699,217304.4255,694614.0309,train
4/25/23,391876.4,50023.03,168966,39267.13,441899.43,208233.13,650132.56,65246.59549,170760.7588,33551.0024,425627.2148,493038.0608,205360.2577,697898.0777,train
4/26/23,414713.65,60196.07,164485,30917.77,474909.72,195402.77,670312.49,63357.06296,172793.832,33171.84259,432303.2463,498137.6732,206310.7205,703563.9708,train
4/27/23,355360.25,54167.29,156893.4,31745.49,409527.54,188638.89,598166.43,60214.19583,164865.0861,31667.59688,406260.3865,468730.0907,196725.2449,664546.1442,train
4/28/23,428423.18,51892.71,153598.7,31253.49,480315.89,184852.19,665168.08,58400.16519,157119.887,30152.27364,383019.1776,443623.2755,187266.9444,630192.1218,train
4/29/23,3636429.7,372320.04,674105.4,65025.19,4008749.74,739130.59,4747880.33,730421.361,1217846.089,171814.3294,6390275.92,7172934.264,1396965.871,8535503.018,train
4/30/23,3075292.7,436937.01,759905.6,110816.88,3512229.71,870722.48,4382952.19,584867.9869,1102902.937,191888.1184,4105282.596,4712865.331,1300034.942,5992007.034,train
5/1/23,5164399.6,1098771.56,1922356,512025.19,6263171.16,2434381.19,8697552.35,719748.6273,1594022.193,323020.6777,4209329.998,4957414.586,1928653.361,6859292.995,train
5/2/23,3109641.6,590813.64,1360152,301782.55,3700455.24,1661934.55,5362389.79,463334.871,1172169.36,221459.3149,2839606.576,3320478.58,1395514.017,4698403.69,train
5/3/23,2764848.31,476687.03,1212077.1,261622.82,3241535.34,1473699.92,4715235.26,408640.9032,1089875.577,202590.0915,2686268.156,3109770.783,1290410.225,4384343.958,train
5/4/23,2894388.53,469054.94,1238443,253842.3,3363443.47,1492285.3,4855728.77,446473.2429,1071952.254,198451.0224,2764983.371,3224834.34,1273042.693,4483263.183,train
5/5/23,3257588.94,575216.68,1291673,309621.99,3832805.62,1601294.99,5434100.61,589959.8201,1398126.187,276435.4736,3690730.341,4302875.299,1675970.222,5954967.313,train
5/6/23,279897.93,48256.9,118760.5,33572.16,328154.83,152332.66,480487.49,55188.02474,155002.3129,30363.23955,361628.0629,419329.8727,185488.8481,603366.7353,train
5/7/23,255775.07,35913.8,137589.5,25879.07,291688.87,163468.57,455157.44,59235.48316,172541.7691,33676.94257,405323.9649,468022.2488,206537.1038,673612.2914,train
5/8/23,390611.67,65856.33,135587,29283.8,456468,164870.8,621338.8,75183.45444,175136.5885,33140.76729,526280.4468,605620.4717,207893.5961,811117.1338,train
5/9/23,574494.98,95012.1,161090.8,34946.18,669507.08,196036.98,865544.06,76580.16078,164904.5123,32022.8106,546086.2246,625854.3621,197005.6679,816873.5561,train
5/10/23,509610.11,96786.04,157675.5,40661.69,606396.15,198337.19,804733.34,61274.17389,160631.8172,31008.50439,410370.8158,474630.5906,191694.423,663877.3823,train
5/11/23,441362.52,75962.71,148033.7,25681.7,517325.23,173715.4,691040.63,58262.42108,153831.4951,29573.51813,386736.0011,447563.6822,183315.8612,628635.4143,train
5/12/23,416440.91,60044.71,136806.72,26179.21,476485.62,162985.93,639471.55,56534.08473,147155.1367,28134.31245,365663.1248,424519.8816,175015.0447,597670.9929,train
5/13/23,367165.38,55664.33,136628.3,32342.17,422829.71,168970.47,591800.18,54357.29386,151315.4092,29284.04012,355898.9717,412335.3357,180543.7312,591172.1669,train
5/14/23,345843.9,59024.1,146877.4,27886.63,404868,174764.03,579632.03,58357.07079,168762.2947,32477.02606,399656.881,460780.2089,201337.2125,660940.4174,train
5/15/23,364381.24,63814.18,137882.1,29981.94,428195.42,167864.04,596059.46,61016.50439,164606.0001,31334.69131,383608.7895,447174.8992,196029.3763,640937.129,train
5/16/23,380085.4,62700.33,147977.9,28938.82,442785.73,176916.72,619702.45,62163.59124,155256.1866,30278.6875,398531.0993,462657.2305,186037.4476,646337.9175,train
5/17/23,400037.17,50140.63,136786.6,28798.15,450177.8,165584.75,615762.55,60405.03275,157944.9995,29906.6989,406382.5242,468951.3664,187697.182,654025.8056,train
5/18/23,372538.4,59145.08,129670,30321.98,431683.48,159991.98,591675.46,57447.95511,151502.6314,28527.17317,383433.3241,442714.3787,179746.3558,620098.9741,train
5/19/23,348192.69,57524.17,120638.7,25780.33,405716.86,146419.03,552135.89,55755.08485,145152.1763,27144.78317,362963.8647,420391.8482,171841.8223,590292.6344,train
5/20/23,303744.41,56050.49,144296.41,28011.57,359794.9,172307.98,532102.88,53618.86652,149477.1382,28261.89704,353674.8261,408773.8577,177504.3207,584585.455,train
5/21/23,318949.2,54409.35,151356.3,37353.06,373358.55,188709.36,562067.91,57575.34718,166947.0349,31353.95265,397599.7975,457287.8984,198198.924,654348.4546,train
5/22/23,430475.66,63118.07,156956.2,31851.36,493593.73,188807.56,682401.29,73106.25271,170004.0897,30866.01858,517781.4975,593067.3015,200043.2175,789939.99,train
5/23/23,451527.72,71971.43,156373.1,31372.62,523499.15,187745.72,711244.87,74494.07036,160548.129,29839.21143,538478.8366,614211.8581,190065.8959,797468.5726,train
5/24/23,374256.85,77462.21,149903.2,24116.94,451719.06,174020.14,625739.2,59628.17859,156832.3435,28911.40823,405543.6541,466787.3163,185411.6867,649629.807,train
5/25/23,332855.35,52312.65,131976.5,26343,385168,158319.5,543487.5,56718.76274,150597.5509,27593.18036,383002.2766,441072.5754,177740.2114,616543.5354,train
5/26/23,381328,70195.21,132218.6,31558.08,451523.21,163776.68,615299.89,55056.45023,144427.691,26272.06895,362879.0503,419194.3068,170087.2517,587459.6526,train
5/27/23,378066.8,67350.6,205604.9,26969.37,445417.4,232574.27,677991.67,52955.4694,148864.597,27371.34055,353888.5476,407940.8493,175848.8149,582293.3293,train
5/28/23,387568.18,54575.05,194213.6,31319.14,442143.23,225532.74,667675.97,56871.84293,166396.9076,30387.51278,398151.284,456703.2539,196512.074,652319.3823,train
5/29/23,433363,70307.46,220460.2,28480.17,503670.46,248940.37,752610.83,59483.67176,162631.0074,29352.3884,382850.8517,443989.9094,191707.8811,633780.8955,train
5/30/23,323243.04,48677.37,145905.2,30148.72,371920.41,176053.92,547974.33,60621.85065,153680.6676,28398.69106,398419.12,460118.6411,182270.6088,640268.9366,train
5/31/23,414456.7,48075.43,178069.7,33213.35,462532.13,211283.05,673815.18,58925.75457,156607.5035,28087.6741,406915.5039,467100.5509,184210.3812,648975.2779,train
6/1/23,348582.46,46436.86,167901.3,25169.21,395019.32,193070.51,588089.83,56058.5866,150447.9911,26830.78191,384505.6402,441604.7984,176684.4377,616274.9247,train
6/2/23,369701.4,45928.93,158562.2,23305.35,415630.33,181867.55,597497.88,54423.2625,144335.2476,25569.84256,364477.3926,419900.0837,169157.1197,587502.1871,train
6/3/23,332376.55,43245.99,149845.6,23808.07,375622.54,173653.67,549276.21,52353.73066,148809.1968,26665.41803,355594.4812,408798.2051,174958.4304,582594.2509,train
6/4/23,365971.85,41567.13,184893.7,28962.95,407538.98,213856.65,621395.63,56233.40237,166365.8786,29633.39907,400210.9004,457827.0662,195584.0604,652905.1485,train
6/5/23,745275.7,108770.16,175860.5,31875.36,854045.86,207735.86,1061781.72,71423.06724,169551.337,29224.47647,521709.3937,594364.1956,197608.0588,789049.6873,train
6/6/23,791015,131832.61,204203,35344.6,922847.61,239547.6,1162395.21,72799.8921,160225.2493,28305.03472,543046.6919,616104.5115,187921.8323,797332.5109,train
6/7/23,599821.3,87144.34,192013.7,42605.4,686965.64,234619.1,921584.74,58288.79848,156593.9551,27478.14312,409297.8418,468590.3163,183462.5527,650061.1324,train
6/8/23,605853.75,87988.6,190578.4,31179.51,693842.35,221757.91,915600.26,55460.65594,150419.2363,26277.94974,386797.4523,443070.7997,175986.8515,617393.0225,train
6/9/23,583097.35,82339.38,183907,29036.02,665436.73,212943.02,878379.75,53850.77574,144283.7961,25071.69014,366667.2742,421326.2307,168499.8822,588618.659,train
6/10/23,421204.4,64489.5,178432.2,26133.63,485693.9,204565.83,690259.73,51810.9541,148723.3257,26176.48568,357728.2027,410196.9151,174281.871,583721.0632,train
6/11/23,477232.75,66514.21,193272.8,32034.17,543746.96,225306.97,769053.93,55659.24873,166224.9542,29124.65869,402587.9244,459382.5176,194823.5156,654157.7841,train
6/12/23,438449.75,74832.67,189188.6,37347.74,513282.42,226536.34,739818.76,58233.12157,162429.3426,28195.64926,387185.5554,446697.0255,190103.0162,635730.4448,train
6/13/23,407281.85,70730.33,173989.35,27975.18,478012.18,201964.53,679976.71,59365.96535,153441.1375,27342.03098,402957.52,462983.4264,180768.8055,642337.0984,train
6/14/23,469528.7,62702.11,171418.2,31103.35,532230.81,202521.55,734752.36,57723.69392,156297.6823,27105.72643,411535.7219,470023.5061,182701.9792,651107.7801,train
6/15/23,412494.7,53078.32,155730.4,23537.08,465573.02,179267.48,644840.5,54933.4816,150073.7238,25954.25839,388818.6796,444341.2287,175233.878,618277.53,train
6/16/23,371799.4,59488.78,143779.1,21386.59,431288.18,165165.69,596453.87,53349.67893,143891.4527,24794.12519,368481.347,422439.7939,167754.0445,589339.5928,train
6/17/23,338838,46167.18,149819.3,23617.3,385005.18,173436.6,558441.78,51339.80332,148254.5571,25919.59768,359387.176,411177.0395,173483.0407,584299.4642,train
6/18/23,342586.05,53277.7,174295.7,29834.34,395863.75,204130.04,599993.79,55165.58033,165628.4881,28875.68818,404319.0831,460352.0893,193899.1183,654638.8971,train
6/19/23,376672.15,45435.63,169709.3,26047.64,422107.78,195756.94,617864.72,57730.46377,161776.1247,27990.46809,388710.9245,447505.9035,189170.6306,636024.9048,train
6/20/23,438671.2,57635.57,161383.3,31817.35,496306.77,193200.65,689507.42,58853.28847,152759.0942,27177.92645,404392.3877,463675.2781,179854.5339,642451.8844,train
6/21/23,402132.75,55327.39,162932.7,26703.14,457460.14,189635.84,647095.98,57225.84666,155539.3241,26977.67138,412839.6552,470571.3833,181752.1835,651034.1154,train
6/22/23,536007.95,50039.03,165990.2,30575.35,586046.98,196565.55,782612.53,54461.20141,149287.9076,25864.82087,389894.6657,444709.6856,174301.2528,618025.5713,train
6/23/23,364097.85,49949.27,144456.8,21634.84,414047.12,166091.64,580138.76,52893.38001,143086.9124,24740.35306,369351.8189,422646.6373,166844.2653,588927.2752,train
6/24/23,329747.55,42836.47,141306.1,27205.55,372584.02,168511.65,541095.67,50903.88249,147378.1828,25896.41624,360090.9931,411239.3239,172529.3995,583724.1151,train
6/25/23,370570.1,43582.3,155010.8,25967.36,414152.4,180978.16,595130.56,54701.62232,164603.1852,28886.52981,404949.9873,460268.9109,192825.1787,653815.3897,train
6/26/23,514934.05,77881.91,169436.1,29152.36,592815.96,198588.46,791404.42,69512.69217,167590.0994,28594.98897,527435.4193,597121.3734,194777.2225,789683.0285,train
6/27/23,483572.3,73295.73,157332,30853.47,556868.03,188185.47,745053.5,70891.52992,158220.1452,27799.72197,548509.7603,618506.9102,185191.6993,797474.3018,train
6/28/23,417384.5,66504.84,149706,28132.75,483889.34,177838.75,661728.09,56794.4674,154492.6471,27089.41345,413025.8086,470055.6663,180765.8016,649757.3456,train
6/29/23,346613.9,46146.25,142767.7,23036.76,392760.15,165804.46,558564.61,54073.39831,148273.7048,26003.9127,389943.4076,444105.2246,173377.8328,616701.7295,train
6/30/23,355992.9,57334.95,137400.7,21130.75,413327.85,158531.45,571859.3,52539.96017,142114.8994,24903.65413,369288.5503,421972.7177,165990.5644,587579.027,train
7/1/23,484489.6,78336.84,150427.7,31402.98,562826.44,181830.68,744657.12,50587.2161,146387.1455,26098.64953,359934.8325,410500.0065,171687.3148,582323.6809,train
7/2/23,342616.65,60649.16,163867.2,26718.89,403265.81,190586.09,593851.9,54387.75575,163519.3816,29146.57512,404683.5548,459364.4294,191940.6099,652201.8617,train
7/3/23,322571.15,53939.49,156775.8,26268.93,376510.64,183044.73,559555.37,56951.14283,159713.0892,28321.70353,388840.0451,446345.0333,187325.3664,633478.7778,train
7/4/23,438266.6,75347.02,177643.8,28668,513613.62,206311.8,719925.42,58111.6458,150827.5953,27565.57879,404321.4446,462291.4004,178180.7316,639743.7953,train
7/5/23,315279.25,48903.69,134251.5,29997.16,364182.94,164248.66,528431.6,56558.56287,153610.2383,27427.28866,412586.504,469014.1151,180161.6673,648200.9563,train
7/6/23,336532.1,52286.33,142831.6,22004.36,388818.43,164835.96,553654.39,53879.79001,147493.1251,26357.26407,389515.1792,443126.069,172892.2781,615302.4742,train
7/7/23,369819,53588.57,136191.18,25974.86,423407.57,162166.04,585573.61,52383.13554,141441.6126,25269.27521,368890.7338,421068.9832,165626.2899,586352.4478,train
7/8/23,373837.13,45058.8,135233.75,25905.35,418895.93,161139.1,580035.03,50467.47325,145782.4091,26509.71085,359575.5521,409669.1281,171425.6711,581246.8313,train
7/9/23,397362.7,45541.79,169932.2,25039.77,442904.49,194971.97,637876.46,54293.80784,162956.0155,29636.05395,404336.0812,458514.7244,191789.1447,651189.2722,train
7/10/23,481660.7,65730.53,156906.3,33968.52,547391.23,190874.82,738266.05,69075.25256,166076.0456,29400.50691,526646.2866,594908.2521,193954.2469,786772.6067,train
7/11/23,483896.05,74575.19,156349,33561.51,558471.24,189910.51,748381.75,70530.93148,156968.7913,28643.38154,547760.219,616343.0787,184644.7476,794885.0086,train
7/12/23,473085.35,61031.52,155707.2,32431.18,534116.87,188138.38,722255.25,56576.56075,153468.1977,27969.22157,412562.3211,468559.379,180484.2343,648004.7914,train
7/13/23,473625.41,68208.97,154424.4,31760.33,541834.38,186184.73,728019.11,53935.83563,147502.4234,26902.54546,389647.4643,442881.0037,173371.1175,615447.3281,train
7/14/23,385522.1,58622.28,137366.6,30523.21,444144.38,167889.81,612034.19,52476.42761,141599.9981,25814.72915,369187.67,421037.9222,166256.3979,586841.4311,train
7/15/23,382558,52871.75,127734.1,28758.75,435429.75,156492.85,591922.6,50595.63923,146109.2468,27104.8631,360056.5267,409861.0377,172264.2534,582114.1872,train
7/16/23,456278.7,59766.31,176072.1,28553.72,516045.01,204625.82,720670.83,54473.79358,163514.2067,30326.0116,405119.4852,459006.9208,192945.3161,652627.8892,train
7/17/23,422173.1,45360.28,169491.4,31007.52,467533.38,200498.92,668032.3,57124.02397,160028.0286,29520.16505,389596.6569,446399.0752,188677.7246,634608.5706,train
7/18/23,319845.75,43565.89,143544.1,25795.97,363411.64,169340.07,532751.71,58374.65162,151446.912,28781.28655,405512.1239,462819.4847,179839.5349,641682.3416,train
7/19/23,331035.75,50757.28,145781.3,22713.27,381793.03,168494.57,550287.6,56900.79264,154587.7923,28684.06794,414267.6638,470086.1184,182233.4295,651047.7371,train
7/20/23,340879.4,44914.89,139137.1,27552.68,385794.29,166689.78,552484.07,54289.74123,148781.7751,27608.52502,391593.1622,444699.4355,175275.0381,618911.8919,train
7/21/23,345068,44388.2,132038.5,28197.64,389456.2,160236.14,549692.34,52864.89455,143028.1002,26508.79602,371371.1816,423147.3981,168300.9586,590720.781,train
7/22/23,366604.4,55954.87,150380.6,35105.32,422559.27,185485.92,608045.19,51013.18263,147793.1149,27849.98301,362538.6948,412307.4599,174612.8318,586559.3688,train
7/23/23,481667.15,61347.73,188130,34660.75,543014.88,222790.75,765805.63,54970.02386,165637.3038,31176.73312,408331.7367,462210.5591,195836.3295,658307.6463,train
7/24/23,383485.92,60219.23,175339.6,25223.84,443705.15,200563.44,644268.59,57693.65822,162341.4807,30363.62973,393109.7505,449987.6967,191760.9864,640831.9053,train
7/25/23,351354.4,45503.26,146898.3,28109.83,396857.66,175008.13,571865.79,59007.30709,153860.1053,29617.35563,409630.0021,467051.6458,183022.796,648704.3316,train
7/26/23,378001.9,50245.56,156379.7,29691.03,428247.46,186070.73,614318.19,57566.8471,157279.0887,29529.71081,418964.6013,474924.1214,185705.7634,658930.6277,train
7/27/23,417765.5,57293.98,145547.2,28926.93,475059.48,174474.13,649533.61,54972.32786,151589.9328,28433.14558,396512.644,449803.4836,178849.9192,627141.3122,train
7/28/23,361447.45,48129.43,132323.2,26014.08,409576.88,158337.28,567914.16,53575.31014,145934.5251,27309.60915,376505.3344,428520.3345,171956.1399,599288.5348,train
7/29/23,325326.9,45599.8,138808.6,23404.06,370926.7,162212.66,533139.36,51742.63966,151006.1736,28699.50135,368020.1661,418058.1029,178631.3887,595782.8662,train
7/30/23,364162.9,46217.02,158930.2,23440.72,410379.92,182370.92,592750.84,55803.04439,169467.6445,32135.40815,415045.6784,469246.6274,200590.5757,669468.4486,train
7/31/23,541701.5,75019.19,167799.1,31395.23,616720.69,199194.33,815915.02,71171.35596,173404.2114,31927.05491,542255.9766,610657.7577,203607.638,811349.6931,train
8/1/23,487387.7,71078.45,156366.2,33713.93,558466.15,190080.13,748546.28,72851.74999,165241.1387,31146.85727,566632.0152,635670.6684,195321.6766,824541.7283,train
8/2/23,479199.15,65072.32,172448.5,27415.63,544271.47,199864.13,744135.6,58583.414,162879.6626,30450.923,428821.524,485604.9879,192379.8884,676185.7621,train
8/3/23,423590.1,67308.94,157429,30550.69,490899.04,187979.69,678878.73,55987.49073,157824.1098,29321.54416,406987.7656,461271.6381,186201.9782,646074.2743,train
8/4/23,456516.5,61343.18,161965.7,26654.83,517859.68,188620.53,706480.21,54607.03641,152734.0673,28162.85518,387543.058,440736.9008,179905.8201,619775.5166,train
8/5/23,392783.3,54105.84,156215.2,31276.35,446889.14,187491.55,634380.69,52778.98176,158859.1264,29594.64828,379876.0481,431236.3005,187795.5659,618523.3387,train
8/6/23,479548.75,60496.49,180000.4,36485.47,540045.24,216485.87,756531.11,56962.54278,179186.6577,33134.35339,429617.6262,485450.2991,211886.6555,697675.7086,train
8/7/23,430645.45,55287.18,168589.4,36208.94,485932.63,204798.34,690730.97,59877.28523,176728.487,32271.49142,415303.0235,474587.4764,208697.3884,682548.1225,train
8/8/23,408325.2,64167.9,175220.2,37613.24,472493.1,212833.44,685326.54,61333.01525,168525.8874,31476.49599,434531.6822,494637.03,200331.0894,694351.6313,train
8/9/23,423559.4,58621.27,162871.6,34858.31,482180.67,197729.91,679910.58,59923.55572,173301.9171,31378.41287,446248.4008,505059.7841,204404.2365,708745.2616,train
8/10/23,376199.4,53909.3,155182.3,26655.78,430108.7,181838.08,611946.78,57304.16443,168003.1239,30205.43185,424045.4442,480313.0026,197926.8663,677802.6817,train
8/11/23,340337.1,45355.53,130218.3,26599.77,385692.63,156818.07,542510.7,55924.51177,162643.7344,29001.49584,404263.0015,459449.1165,191298.145,650767.9895,train
8/12/23,383590.9,41769.51,151468.6,24678.64,425360.41,176147.24,601507.65,54082.69501,169207.3201,30463.52665,396714.988,450032.5863,199732.7151,649966.484,train
8/13/23,422928.9,36393.44,189156.6,33396.99,459322.34,222553.59,681875.93,58400.27578,190881.9403,34091.53918,449147.3412,507133.2728,225381.1793,733671.7301,train
8/14/23,356257.3,55809.47,163098.7,27212.99,412066.77,190311.69,602378.46,61418.55458,188262.293,33186.86691,434627.3668,496270.2404,221989.2333,718229.3403,train
8/15/23,399882.71,47640.22,162131.3,34037.54,447522.93,196168.84,643691.77,62940.00542,179500.4052,32351.22745,455188.9623,517710.6856,213065.8362,731067.8067,train
8/16/23,411728.03,50922.63,167955.5,29518.56,462650.66,197474.06,660124.72,61518.72414,184538.8825,32230.7739,467881.972,529070.8516,217347.6277,746589.328,train
8/17/23,352779.84,51509.54,159642.4,24915.5,404289.38,184557.9,588847.28,58851.13746,178826.0794,31005.49163,444969.8443,503542.489,210386.4717,714285.6977,train
8/18/23,362575.18,49580.1,154091.7,29681.54,412155.28,183773.24,595928.52,57452.7511,173030.6072,29748.59447,424529.7427,482012.6347,203245.1213,686016.0855,train
8/19/23,398818.55,55181.95,165847.4,26723.71,454000.5,192571.11,646571.61,55576.00841,179895.414,31224.65404,416883.2677,472433.9607,212081.6757,685330.0979,train
8/20/23,436092.25,56760.38,187986,34984.26,492852.63,222970.26,715822.89,60026.6647,202779.8687,34915.2168,472259.5119,532673.2476,239146.8624,773698.4126,train
8/21/23,496250.83,64177.23,183760.7,32008.71,560428.06,215769.41,776197.47,76664.06484,208333.5927,34636.4412,619671.0406,696217.3973,243679.9808,941869.6204,train
8/22/23,533905.73,72600.92,190067.1,32527.42,606506.65,222594.52,829101.17,64713.44788,190317.1787,33074.99476,479052.8586,544252.8015,225681.0383,770953.202,train
8/23/23,482841.73,71154.02,182716.35,33750.47,553995.75,216466.82,770462.57,63257.55921,195432.286,32920.83314,492571.9446,556363.2003,229974.1784,787209.9277,train
8/24/23,438381.74,55708.49,176927.2,34931.61,494090.23,211858.81,705949.04,60516.75187,189140.1117,31638.13533,468560.419,529630.5071,222349.9848,752970.0164,train
8/25/23,589154.86,60938.13,176309.1,27280.96,650092.99,203590.06,853683.05,59077.924,182755.5163,30324.42372,447099.4921,507047.0411,214530.1326,722928.7776,train
8/26/23,520275.74,64275.71,194417.9,28833.21,584551.45,223251.11,807802.56,57144.33656,189720.8484,31795.07549,439066.6803,496985.9203,223550.5557,721897.0626,train
8/27/23,475344.35,60301.13,181404.4,38953.78,535645.48,220358.18,756003.66,61713.34975,213512.0215,35513.71014,497365.1592,560321.0058,251709.3495,814555.4042,train
8/28/23,413695.09,64414.96,171772.4,38600.7,478110.05,210373.1,688483.15,64903.8035,210031.6833,34502.36643,481459.6041,548493.8033,247330.5589,796958.9913,train
8/29/23,411128.56,62192.45,170168.3,32160.45,473321.01,202328.75,675649.76,66505.89989,199690.4643,33563.80152,504325.9582,572271.6933,236775.1719,810595.525,train
8/30/23,439187.3,62631.29,165012.3,29701.04,501818.59,194713.34,696531.93,64991.97192,204673.3279,33366.81164,518385.2419,584807.403,240862.8431,827032.2071,train
8/31/23,513187.19,78090.03,177994.3,37502.71,591277.22,215497.01,806774.23,62155.87007,197697.8426,32026.79304,492905.0138,556468.9461,232458.622,790365.8386,train
9/1/23,720682.8,117246.84,200520.48,41759.65,837929.64,242280.13,1080209.77,60655.30154,190639.8197,30657.79169,470085.4647,532464.8017,223864.9096,758104.3286,train
9/2/23,747113.94,111711.58,262356.5,53322.05,858825.52,315678.55,1174504.07,58645.09418,197496.0655,32102.72613,461359.4115,521583.0899,232829.1459,756236.6215,train
9/3/23,667666.75,120940.8,279414.7,59052.74,788607.55,338467.44,1127074.99,63303.94288,221791.8408,35809.71415,522255.321,587646.4802,261639.3412,852353.6066,train
9/4/23,924106.3,144147.6,404076.1,57051.98,1068253.9,461128.08,1529381.98,66541.6372,217706.7041,34742.93696,505160.802,574797.6978,256569.8033,832955.212,train
9/5/23,596401.83,99886.78,260689.8,43200.19,696288.61,303889.99,1000178.6,68145.0212,206536.3294,33751.47654,528699.0432,599204.6919,245117.1955,846151.7843,train
9/6/23,526600.97,81419.56,180657.74,39027.57,608020.53,219685.31,827705.84,80806.59716,220230.7367,34174.4152,735829.5859,816703.7331,257635.5364,1072102.014,train
9/7/23,427436.4,59653.51,164304.2,26853.29,487089.91,191157.49,678247.4,63605.6909,203577.1479,32115.97103,515724.1863,581535.4398,239649.4227,822837.5114,train
9/8/23,541930.34,70264.57,189834.6,30849.21,612194.91,220683.81,832878.72,62025.87258,195878.1984,30699.60724,491320.1339,555856.064,230307.6104,788140.049,train
9/9/23,451178.8,54769.08,181129,35821.65,505947.88,216950.65,722898.53,59924.87495,202480.7548,32100.66872,481652.0094,543880.8426,239030.5758,785059.5386,train
9/10/23,461579,67782.29,206535,34403.41,529361.29,240938.41,770299.7,64633.7313,226900.8226,35756.11863,544575.6165,612040.2234,268052.3648,883527.3037,train
9/11/23,481305.49,70042.05,182737.7,41559.6,551347.54,224297.3,775644.84,67882.43237,222251.5893,34641.11074,526094.5577,597914.9819,262321.3439,862114.341,train
9/12/23,456067.7,61265.1,181958.5,31063.2,517332.8,213021.7,730354.5,69507.48157,210413.9025,33736.72859,549897.3317,622500.367,250108.675,874430.5973,train
9/13/23,483418.95,65670.62,197853.7,28558.59,549089.57,226412.29,775501.86,67870.11864,214761.1276,33575.98522,563947.6793,634700.5255,253401.2059,889618.777,train
9/14/23,600422.4,81690.49,206468.35,36643.18,682112.89,243111.53,925224.42,64850.49517,206587.2956,32263.0626,534957.7636,602516.4048,243584.0198,847703.1996,train
9/15/23,513297.4,67424.53,200327.25,29298.81,580721.93,229626.06,810347.99,63223.47297,198409.3597,30917.86483,508934.8613,575106.9486,233657.6021,810696.6538,train
9/16/23,489362.8,64533.32,215019,34537.7,553896.12,249556.7,803452.82,61064.3099,204740.1846,32410.67083,498216.4134,561918.7948,242078.9352,806281.0429,train
9/17/23,541555.3,66847.44,248328.2,36188.3,608402.74,284516.5,892919.24,65841.85635,229057.836,36193.29065,562502.2344,631431.2517,271014.1531,906023.834,train
9/18/23,634939.67,79808.15,233892.1,33094.71,714747.82,266986.81,981734.63,83933.35138,233575.3972,35854.9933,735431.0261,822317.4531,274166.5072,1097659.29,train
9/19/23,605986.68,72358.18,222274.15,27560.35,678344.86,249834.5,928179.36,70705.25834,211797.2172,34190.37262,566377.514,640366.0286,252095.6868,894026.8498,train
9/20/23,553309.54,61128.49,217204.15,30666.22,614438.03,247870.37,862308.4,68962.92708,215902.1604,33982.22053,580024.545,651973.074,255063.6845,908250.1875,train
9/21/23,523057.9,53021.44,208618.5,29794.11,576079.34,238412.61,814491.95,65820.20128,207454.9715,32610.89255,549435.9604,618025.3995,244874.9551,864254.6827,train
9/22/23,480157.45,53035.38,201698.2,23188.44,533192.83,224886.64,758079.47,64095.29008,199052.8849,31211.45485,521987.1496,589074.455,234631.8199,825421.6624,train
9/23/23,735846.1,49342.05,221302.6,29505.27,785188.15,250807.87,1035996.02,61834.55629,205241.9539,32677.93392,510303.7782,574764.1795,242847.9642,819879.0652,train
9/24/23,718135.1,43236.78,254575.5,35480.06,761371.88,290055.56,1051427.44,66594.32144,229476.807,36447.9095,575392.6971,644985.7594,271645.1866,920191.3775,train
9/25/23,561382.07,47540.56,241290.3,26772.03,608922.63,268062.33,876984.96,69835.20441,224334.3167,35360.70591,554367.0648,628355.9672,265230.3526,895522.5137,train
9/26/23,598905.75,51049,232971.35,31205.58,649954.75,264176.93,914131.68,71344.44081,212035.2805,34352.41116,577916.9937,652408.6839,252370.1182,906022.55,train
9/27/23,528899.65,50734.11,192916.3,28729.79,579633.76,221646.09,801279.85,69503.77824,216129.2082,34106.59912,591155.4858,663416.3568,255244.2185,919547.436,train
9/28/23,509647.45,60776.79,184436.75,18057,570424.24,202493.75,772917.99,66257.68176,207698.1669,32696.66161,559366.2069,628134.1693,244995.576,874240.3194,train
9/29/23,458275.7,70507.03,196419.45,27538.31,528782.73,223957.76,752740.49,64444.91023,199349.4433,31263.00398,530876.3117,598043.7597,234736.6652,834311.1175,train
9/30/23,447955.65,50896.51,209937.3,26586.54,498852.16,236523.84,735376,62098.56552,205653.9743,32701.691,518501.3383,582906.2642,242987.3356,828151.6675,train
10/1/23,483616.8,58536.9,246178.96,35057.28,542153.7,281236.24,823389.94,66800.36299,230102.7362,36442.75004,584128.8006,653487.5923,271883.2619,928951.4644,train
10/2/23,889688.9,79210.58,248672.25,30494.04,968899.48,279166.29,1248065.77,84956.19833,234753.0772,36030.95172,762142.1514,849155.6412,274986.0293,1123652.117,train
10/3/23,735757.5,91167.47,227926.5,35344.35,826924.97,263270.85,1090195.82,71400.19742,213049.1341,34293.92414,585830.5025,659884.5073,252878.7305,913926.3236,train
10/4/23,586012.36,79218.95,221151,35217.25,665231.31,256368.25,921599.56,69479.43246,217451.1415,34025.03845,598896.0099,670534.5895,255972.6488,927367.5946,train
10/5/23,547355.48,58739.59,197790.95,24270.85,606095.07,222061.8,828156.87,66160.77885,209288.3065,32598.02216,566412.6331,634474.557,245944.2043,881591.0823,train
10/6/23,532880.1,62839.35,204843.65,26594.5,595719.45,231438.15,827157.6,64280.39319,201223.1202,31151.16088,537356.4928,603758.2951,235926.5916,841350.4421,train
10/7/23,469353.6,54291.99,220010.15,25161.41,523645.59,245171.56,768817.15,61873.83427,207986.7127,32568.52617,524684.6216,588220.5921,244553.1552,835268.3574,train
10/8/23,579338.75,43899.56,253235.45,25292.77,623238.31,278528.22,901766.53,66489.16405,233205.7157,36278.77421,590995.8523,659226.1674,274056.8322,937198.6367,train
10/9/23,592728.2,48511.44,253968.55,31546.62,641239.64,285515.17,926754.81,69573.29932,228715.8795,35155.39079,568925.0031,641509.7925,268171.0806,912034.8931,train
10/10/23,545851.48,58925.16,226336.8,30063.71,604776.64,256400.51,861177.15,70925.35387,216958.0768,34117.33253,592721.2142,665446.1191,255814.7943,922914.0736,train
10/11/23,560474.57,51527.55,218855.9,29788.6,612002.12,248644.5,860646.62,68951.48428,222030.1523,33842.3117,606047.3616,676176.2556,259471.4109,937110.4441,train
10/12/23,694336.75,51555.87,221163.1,30198.32,745892.62,251361.42,997254.04,65597.58404,214299.7984,32418.03165,573344.245,639873.1765,249851.458,891558.0968,train
10/13/23,573521.73,53830.01,230065.75,27348.15,627351.74,257413.9,884765.64,63676.77391,206656.8788,30976.63325,544155.7647,609019.4786,240234.5363,851642.0155,train
10/14/23,564614.43,57144.86,255274.35,36044.74,621759.29,291319.09,913078.38,61240.82141,214272.9799,32385.69988,531603.6683,593531.939,249635.2051,846363.6317,train
10/15/23,837968.4,68603.6,292239.8,46234.88,906572,338474.68,1245046.68,65755.66312,241041.1244,36077.25854,599174.4584,665459.0119,280481.6957,950747.7918,train
10/16/23,948100.8,80725.42,296573.4,33728.85,1028826.22,330302.25,1359128.47,83478.34114,247318.4362,35661.32149,782322.861,864971.7314,284943.9681,1151954.424,train
10/17/23,828553.65,86509.01,279573.9,41361.56,915062.66,320935.46,1235998.12,70037.96336,225803.1918,33938.94332,601902.4735,672520.3977,263274.6144,938750.0832,train
10/18/23,819028.9,66544.98,270030.4,36538.32,885573.88,306568.72,1192142.6,68042.16802,231919.9834,33674.35296,616038.5563,683870.1747,267825.9672,954614.8592,train
10/19/23,816363.97,80692.94,255728.5,34103.06,897056.91,289831.56,1186888.47,64691.02124,224677.6689,32267.93701,583430.322,647698.7141,258681.7126,909662.7141,train
10/20/23,669843.55,70071.25,257200.2,28911.05,739914.8,286111.25,1026026.05,62759.34448,217487.4358,30845.5769,554388.2308,617047.5248,249503.1622,870409.0893,train
10/21/23,678296.16,56310.6,266504.85,30037.68,734606.76,296542.53,1031149.29,60325.29457,226373.7883,32263.70872,542299.5562,601978.8884,260096.4225,866559.9084,train
10/22/23,691805.95,64119.17,298670.2,37013.97,755925.12,335684.17,1091609.29,64740.03729,255650.3561,35960.38513,612077.5042,675690.7313,293188.5761,975256.9606,train
10/23/23,774936.59,71545.64,287646.2,40238.27,846482.23,327884.47,1174366.7,67660.04846,252575.7544,34871.95187,590536.8319,658679.207,288627.703,952133.9378,train
10/24/23,707629.45,73783.6,284095,31516.61,781413.05,315611.61,1097024.66,69091.69916,240636.0829,33957.30069,615934.7689,684389.5957,276575.1532,965489.9083,train
10/25/23,759079.44,56110.06,277970.6,31777.82,815189.5,309748.42,1124937.92,67288.69251,247362.9456,33802.3206,630616.3317,696705.2801,281834.0913,982542.4677,train
10/26/23,768907.95,65514.81,270216.5,32302.8,834422.76,302519.3,1136942.06,64135.78989,239838.1271,32497.85578,597484.4659,660628.2507,272676.2588,937028.5962,train
10/27/23,622671.95,63478.87,258614.3,35833.69,686150.82,294447.99,980598.81,62380.41733,232350.5007,31169.89798,568016.0588,630144.2677,263449.1165,897357.4579,train
10/28/23,603481.29,67097.86,260448.25,33920.18,670579.15,294368.43,964947.58,60117.88263,242029.9904,32714.27332,555930.4929,615553.4783,275097.5285,894183.8258,train
10/29/23,981082.8,106380.98,355840.2,41322.69,1087463.78,397162.89,1484626.67,64689.28416,273526.0717,36588.79468,627833.8904,691860.7214,310611.5907,1007270.529,train
10/30/23,8824688.05,825253.09,1842111.65,236822.59,9649941.14,2078934.24,11728875.38,1170741.053,2420605.272,348478.8132,12282725.1,13384385.61,2836104.501,16266260.5,train
10/31/23,5883001.51,515547.22,1453122.55,210405.1,6398548.73,1663527.65,8062076.38,687185.092,1726885.48,273865.7645,6652483.615,7344924.305,2068759.808,9438843.474,train
11/1/23,7456884.84,677742.6,2049450.1,260453.42,8134627.44,2309903.52,10444530.96,800684.9194,2371669.28,346120.7764,8544183.548,9290350.69,2778637.565,12096517.75,train
11/2/23,651183.59,63952.54,272911.2,26133.12,715136.13,299044.32,1014180.45,78015.99245,270606.2641,33947.6884,836129.0752,909036.7766,302419.4102,1212817.668,train
11/3/23,621172.46,63998.51,244205.4,31018.09,685170.97,275223.49,960394.46,62499.44645,252276.423,31959.39488,587699.1341,650663.1346,283040.2771,936163.444,train
11/4/23,599720.88,52961.92,251473.81,29904.05,652682.8,281377.86,934060.66,60239.12784,263623.6037,33580.57612,576364.0911,636736.2781,296400.1094,934935.6445,train
11/5/23,658733.03,51221.87,311470.15,39013.75,709954.9,350483.9,1060438.8,64829.58104,298831.2531,37600.75882,652229.4888,716952.4409,335580.2714,1055489.082,train
11/6/23,715246.44,96587.18,301200.6,46061.37,811833.62,347261.97,1159095.59,67950.48912,296268.8028,36633.15494,630942.7366,701127.8938,331753.3721,1033648.59,train
11/7/23,10702666.81,931121.91,3560829.7,414612.52,11633788.72,3975442.22,15609230.94,1241758.444,3634703.813,514387.5376,12845827.63,14060630.62,4225185.569,18210636.77,train
11/8/23,5613044.18,543465.76,2471652.6,331416.59,6156509.94,2803069.19,8959579.13,567259.3263,2051906.066,299005.6416,5260105.301,5838534.464,2387124.534,8218831.623,train
11/9/23,3996683.23,421889.94,1898830.1,256040.91,4418573.17,2154871.01,6573444.18,412129.2347,1570900.083,222910.4837,3841392.578,4260610.685,1810335.437,6065368.262,train
11/10/23,4192730.4,524774.1,1903982.3,306364.69,4717504.5,2210346.99,6927851.49,470356.7,1504113.382,231897.3283,3890144.961,4385239.842,1761964.428,6141539.606,train
11/11/23,5698363.84,645129.05,2528341.8,453107.85,6343492.89,2981449.65,9324942.54,616555.591,2166769.404,342283.4082,5712806.954,6326614.183,2542421.475,8855420.47,train
11/12/23,416474.39,64773.48,253719.89,48427.22,481247.87,302147.11,783394.98,65111.10719,331605.4586,38964.35496,686616.2469,751834.4374,367946.419,1121096.787,train
11/13/23,589179.21,65305.91,239605.75,30993.74,654485.12,270599.49,925084.61,82899.70043,343224.759,38764.17632,901690.9846,983029.0959,377132.6528,1367354.548,train
11/14/23,645841.45,76326.8,248369.95,37409.89,722168.25,285779.84,1007948.09,69765.69466,315952.412,37134.32132,697774.0568,768863.4757,351425.5574,1121566.391,train
11/15/23,593612.74,63866.3,234170.45,34519.56,657479.04,268690.01,926169.05,67996.48074,327005.7913,37090.23166,718300.7615,786503.1015,360398.2182,1147833.313,train
11/16/23,541860.32,68426.16,225393.12,32706.54,610286.48,258099.66,868386.14,64866.60724,319034.9611,35780.62311,684189.8321,749332.2209,350750.8079,1100623.198,train
11/17/23,598539.1,63031.95,253817.95,29909.98,661571.05,283727.93,945298.98,63152.66774,310805.693,34436.04993,653817.9594,718081.876,340715.1404,1059514.589,train
11/18/23,512558.47,58498.36,260268.75,40544.54,571056.83,300813.29,871870.12,60927.61961,325351.9902,36265.99576,643116.9494,704624.5157,357515.0296,1060988.832,train
11/19/23,676610,95275.66,326515.25,66636.57,771885.66,393151.82,1165037.48,65637.56015,369253.1276,40699.55353,729800.6995,795427.4015,405412.4959,1200741.402,train
11/20/23,6753883.06,931258.92,2601908.72,481714.07,7685141.98,3083622.79,10768764.77,932870.6404,2633012.04,446170.1456,7460904.563,8437400.58,3136870.545,11503769.04,train
11/21/23,4043941.85,657746.6,1776766.73,400353.3,4701688.45,2177120.03,6878808.48,555891.6992,1610164.782,302444.5282,3845396.997,4443966.306,1960242.578,6371786.361,train
11/22/23,3483412.94,476148.53,1749106.9,337822.64,3959561.47,2086929.54,6046491.01,426535.7933,1582420.053,259640.0221,3370387.841,3825005.569,1859187.111,5657868.733,train
11/23/23,3806711.92,469846.25,2238097.6,342644.99,4276558.17,2580742.59,6857300.76,434065.0265,2206568.599,287211.1299,3964485.21,4397564.264,2460154.864,6830556.156,train
11/24/23,7711112,544788.63,5091424.15,506762.17,8255900.63,5598186.32,13854086.95,551132.1502,5776753.171,466850.1085,8357543.686,8786815.397,5935142.419,14666640.65,train
11/25/23,3958417.35,404761.58,2290588.5,289135.65,4363178.93,2579724.15,6942903.08,416635.6343,2397369.946,287167.9951,4213551.288,4619912.15,2640234.293,7226101.737,train
11/26/23,3801423.2,337902.95,2270006,281964.42,4139326.15,2551970.42,6691296.57,383517.6144,2312402.532,293525.8423,4192288.429,4566630.37,2590572.986,7125965.963,train
11/27/23,6109307.09,362162.51,4114720.5,306062.45,6471469.6,4420782.95,10892252.55,444605.5186,4361409.707,335757.0738,6768393.492,7150257.766,4496629.005,11600717.89,train
11/28/23,3833428.66,368609.67,1753522.45,224303.32,4202038.33,1977825.77,6179864.1,346319.5144,1762875.448,206472.1415,3773306.066,4113771.535,1931647.039,6009004.414,train
11/29/23,966551.57,73740.63,367507.89,43557.66,1040292.2,411065.55,1451357.75,69702.88478,396879.5624,40925.21051,815881.0627,885282.148,431265.7767,1317191.083,train
11/30/23,832173.34,61710.42,371637,35363.21,893883.76,407000.21,1300883.97,66585.96248,385355.9358,39537.40248,777141.8801,843554.6932,418251.6401,1261918.076,train
12/1/23,690010.61,55882.32,357849.2,32912.18,745892.93,390761.38,1136654.31,64916.41396,373430.7536,38102.76892,742429.5101,808270.139,404681.4299,1213331.615,train
12/2/23,711934.18,71032.37,416972.85,36708.34,782966.55,453681.19,1236647.74,62716.37144,388646.6494,40177.06055,729849.6866,792809.8338,422775.4205,1213169.394,train
12/3/23,782586.12,73995.51,489445.83,40299.1,856581.63,529744.93,1386326.56,67658.7604,438324.7479,45139.26698,827489.7753,894385.5743,477113.8851,1370430.989,train
12/4/23,872049.82,58399.46,523928.55,39499.41,930449.28,563427.96,1493877.24,71090.83605,431937.3849,44119.63589,801606.2295,875924.5989,469747.6096,1342109.354,train
12/5/23,1058423.24,70513.28,562488.48,44244.37,1128936.52,606732.85,1735669.37,72789.03978,411224.7511,43187.76516,840143.1173,914211.0028,450461.9094,1366134.436,train
12/6/23,991886.45,71043.04,581815.95,48158.25,1062929.49,629974.2,1692903.69,71087.62062,421879.2861,43181.27279,863892.1171,934429.2097,458664.5928,1394659.01,train
12/7/23,883958.05,64850.54,561695.24,49852.73,948808.59,611547.97,1560356.56,67953.70697,407707.9326,41692.98034,821593.2236,889205.7787,442933.0225,1333357.404,train
12/8/23,917894.79,68144.13,591161.31,48249.09,986038.92,639410.4,1625449.32,66292.87529,393181.1884,40154.50446,783567.9931,850779.1609,426683.2376,1279187.324,train
12/9/23,907386.11,65328.58,622930.15,48213.1,972714.69,671143.25,1643857.94,64086.8891,407171.8854,42310.8376,768887.7471,833200.1985,443752.8719,1276031.282,train
12/10/23,957031.91,69531.53,736657.53,57829.69,1026563.44,794487.22,1821050.66,69180.19229,456888.996,47500.35351,870052.8316,938373.8573,498477.5762,1437909.299,train
12/11/23,1302444.99,78831.87,788607.3,57229.54,1381276.86,845836.84,2227113.7,88311.4307,467001.809,47313.51564,1139931.14,1224682.456,505752.3117,1746570.976,train
12/12/23,1218577.18,83933.65,776478.16,55254.6,1302510.83,831732.76,2134243.59,82987.80817,793639.4727,55782.35181,1289297.85,1356563.505,801705.0866,2164702.244,train
12/13/23,1259890.29,75514.18,777946.05,46805.88,1335404.47,824751.93,2160156.4,81094.16161,809883.6393,55759.39609,1322711.516,1383811.977,812713.8194,2203818.526,train
12/14/23,1113308.11,71605.08,703881.99,60050.85,1184913.19,763932.84,1948846.03,77561.79644,778493.8415,53820.48835,1254945.274,1314106.637,781346.9243,2100976.604,train
12/15/23,1173437.05,66339.86,761267.2,53501.21,1239776.91,814768.41,2054545.32,75706.30577,746722.318,51815.21561,1193897.01,1254603.129,749305.2775,2009756.484,train
12/16/23,1081694.18,74695.92,744918.39,56374.31,1156390.1,801292.7,1957682.8,73224.42523,769132.1691,54574.52406,1168526.833,1225932.744,775768.4793,1998836.263,train
12/17/23,1132053.03,62321.61,781336.75,60789.86,1194374.64,842126.61,2036501.25,79082.57859,858410.0048,61239.05642,1318784.453,1377496.966,867503.4507,2245588.653,train
12/18/23,1255745.95,66846.57,842742.3,47781.08,1322592.52,890523.38,2213115.9,83183.22328,837033.7469,59775.23347,1271442.545,1343466.482,846258.1939,2186811.612,train
12/19/23,1226755.12,72318.63,753574.65,38787.93,1299073.75,792362.58,2091436.33,85258.23879,788515.7147,58427.8546,1325984.428,1396151.486,804008.1597,2213137.905,train
12/20/23,1050177.21,58197.83,590980.2,42194.18,1108375.04,633174.38,1741549.42,83347.94263,800439.851,58368.14445,1356519.361,1420680.064,811424.0177,2246073.661,train
12/21/23,891148.81,48785.07,458634.15,27467.87,939933.88,486102.02,1426035.9,79749.19476,765445.9771,56301.898,1283345.485,1345736.483,776678.4681,2134524.844,train
12/22/23,628571.79,53877.45,246691.95,26711.33,682449.24,273403.28,955852.52,45719.42205,323784.5494,28470.4373,655109.6432,694254.1574,334563.6936,1031474.315,train
12/23/23,568077.7,58953.19,229152.45,37540.37,627030.89,266692.82,893723.71,46121.632,288580.7032,30834.14235,580022.5638,622243.5889,305912.0293,928066.9795,train
12/24/23,502036.9,62258.95,221602.6,43515.89,564295.85,265118.49,829414.34,44304.30576,289038.1916,34681.90308,520568.4937,563705.9875,312589.8126,877118.553,train
12/25/23,2019250.91,234481.16,636855.9,101191.9,2253732.07,738047.8,2991779.87,76900.75546,431359.4496,50709.45556,876773.6491,959322.1192,480987.8377,1445268.807,train
12/26/23,1657311.21,200944.97,636853,118315.61,1858256.18,755168.61,2613424.79,87806.2275,756830.2437,60894.08805,1336358.621,1411536.493,782798.4063,2213681.84,train
12/27/23,1336811.76,153227.89,524227.4,84216.91,1490039.65,608444.31,2098483.96,85860.71956,764929.8413,60782.13615,1363162.867,1432661.249,787023.7699,2239859.238,train
12/28/23,1311527.25,135171.78,514804.95,86574.26,1446699.03,601379.21,2048078.24,82172.4322,728438.4515,58581.61282,1285918.266,1353642.652,750576.7978,2122330.031,train
12/29/23,1369938.15,145266.61,519874.1,93365.05,1515204.76,613239.15,2128443.91,80253.32039,692409.8637,56312.64939,1216361.212,1285838.838,714181.1615,2017946.031,train
12/30/23,1429264.63,180653.45,535919.3,99396.23,1609918.08,635315.53,2245233.61,77663.84536,706987.1613,59218.27264,1183724.617,1250145.399,733817.8755,1995050.341,train
12/31/23,530363.05,38297.6,221056.4,28825.58,568660.65,249881.98,818542.63,75349.78609,418216.972,53958.82151,906266.0971,984628.9582,473681.6874,1467782.384,train
1/1/24,497590.7,43543.31,237901.8,30449.92,541134.01,268351.72,809485.73,79291.66626,404548.6736,52583.10728,868834.5315,955559.6198,458851.2371,1421184.637,train
1/2/24,830142.3,67112.05,301241.15,39554.94,897254.35,340796.09,1238050.44,98714.53951,394334.4522,52335.4579,1221245.727,1319236.235,448352.6081,1778495.817,train
1/3/24,937577.75,84564.3,337614.05,51501.98,1022142.05,389116.03,1411258.08,79507.17044,381178.0563,51175.40481,916830.4638,1000729.153,434256.9006,1443669.911,train
1/4/24,884456.8,83180.76,310306.52,47767.64,967637.56,358074.16,1325711.72,76096.91529,362061.9975,49281.5448,862751.8351,943483.0339,413174.4388,1364763.11,train
1/5/24,892613.75,85406.54,308316.4,50768.03,978020.29,359084.43,1337104.72,74323.04091,343361.2268,47333.98812,814153.6964,894353.1817,392301.9552,1294805.922,train
1/6/24,907111.73,74919.24,365337.35,63915.84,982030.97,429253.19,1411284.16,71926.59203,349875.823,49736.50046,790512.8214,867788.0151,402319.2724,1277485.766,train
1/7/24,874058.57,81339.54,367495.5,59449.15,955398.11,426944.65,1382342.76,77718.87611,386543.6925,55677.31095,885192.6873,968359.9116,445865.8007,1424065.416,train
1/8/24,756211.1,83479.42,294729.5,45028.78,839690.52,339758.28,1179448.8,81783.16878,373353.3171,54216.94964,846892.019,938072.4649,431279.3462,1376403.037,train
1/9/24,895962.51,91057.52,333737.9,48438.28,987020.03,382176.18,1369196.21,83852.81999,348621.6914,52869.12063,876638.9768,968453.8818,406516.5598,1382931.933,train
1/10/24,894313.42,80969.93,294691.1,59278.15,975283.35,353969.25,1329252.6,81997.44275,351029.6594,52690.86756,890333.9702,979178.3678,407264.4447,1393822.094,train
1/11/24,827156,78452.88,302227.8,53313.75,905608.88,355541.55,1261150.43,78474.25919,333206.6579,50707.63167,836407.781,921797.2617,387202.5054,1315883.211,train
1/12/24,785295.03,76051.5,313882.3,49703.53,861346.53,363585.83,1224932.36,76637.55974,315876.4584,48673.62386,788068.1754,872603.8328,367453.5994,1246960.475,train
1/13/24,733082.65,86819.82,309180,55132.98,819902.47,364312.98,1184215.45,74157.96556,321836.0951,51114.62599,764099.6584,845630.2479,376731.6783,1229023.627,train
1/14/24,722531.3,71043.14,367277.05,50382.84,793574.44,417659.89,1211234.33,80119.3242,355625.0431,57189.53318,854520.2589,942574.5006,417489.7914,1368860.184,train
1/15/24,786714,78850.83,341975.15,49272.65,865564.83,391247.8,1256812.63,102351.1265,358290.5268,56771.47285,1106751.111,1217764.681,418195.4931,1644015.595,train
1/16/24,841985.8,82205.03,300159.55,41826.74,924190.83,341986.29,1266177.12,86415.42954,321100.1003,54254.80301,844452.8418,940903.4398,380871.8249,1327662.105,train
1/17/24,917935.04,102344.49,339565.65,68318.32,1020279.53,407883.97,1428163.5,84380.16396,323626.8145,53933.27388,857605.4464,950614.2813,381814.1982,1337649.657,train
1/18/24,898652.9,85245.98,328003.55,50115.23,983898.88,378118.78,1362017.66,80635.63396,307565.1332,51772.93681,805740.1452,894355.0363,363314.5045,1262610.019,train
1/19/24,810499.85,82359.04,303877.75,50571.28,892858.89,354449.03,1247307.92,78631.16081,291990.0152,49574.07352,759356.1229,846212.2605,345149.6524,1196435.334,train
1/20/24,865691.05,85504.69,368451.5,60221.82,951195.74,428673.32,1379869.06,75972.74486,297998.0767,51935.17208,736543.9774,819758.2474,354311.9351,1179364.96,train
1/21/24,790697.65,90706.23,360684.85,55558.5,881403.88,416243.35,1297647.23,81955.52651,329909.9384,57971.2865,824137.6112,913522.1268,393217.8482,1313905.202,train
1/22/24,747439.2,76725.98,327620.1,52356.07,824165.18,379976.17,1204141.35,86096.57067,319464.1128,56294.13311,788104.673,883969.5252,381050.9874,1269564.604,train
1/23/24,799776.5,79554.27,295601.75,60729.66,879330.77,356331.41,1235662.18,88124.57248,299200.616,54748.193,815628.1601,911815.2445,359976.1988,1275605.894,train
1/24/24,821314.27,86600.7,296071.4,61067.51,907914.97,357138.91,1265053.88,86025.02198,302308.748,54423.9517,828439.7225,921349.6628,361586.943,1286052.779,train
1/25/24,693954.6,72134.91,252549.35,52923.54,766089.51,305472.89,1071562.4,82183.56673,288073.6419,52247.24177,778542.6094,867040.899,344808.4343,1214873.338,train
1/26/24,675984.49,75784.77,273103.6,44352.62,751769.26,317456.22,1069225.48,80116.37296,274261.5282,50034.32443,734011.1631,820669.0605,328322.859,1152263.49,train
1/27/24,639706.68,77573.6,280600.5,47645.24,717280.28,328245.74,1045526.02,77383.48498,280740.5119,52426.80039,712327.2434,795392.7392,337860.2894,1137010.2,train
1/28/24,655376.15,69189.21,312931.55,46184.3,724565.36,359115.85,1083681.21,83450.3249,311773.949,58534.01793,797546.8002,886886.5645,375920.7713,1268188.02,train
1/29/24,959991.15,95425.68,302258,47604.44,1055416.83,349862.44,1405279.27,106407.805,315793.6383,57990.32122,1034424.171,1146477.293,378185.9437,1525673.98,train
1/30/24,830722.45,99074.21,300290.5,57803.3,929796.66,358093.8,1287890.46,89671.11862,284617.1073,55315.51317,790580.6348,886527.4052,346020.0138,1234469.708,train
1/31/24,868970.39,96610.01,297767.35,55144.63,965580.4,352911.98,1318492.38,87503.85353,288560.8302,55010.35317,803769.9737,896578.6031,348563.4267,1246398.667,train
2/1/24,796053.11,87756.85,310340.3,58137.81,883809.96,368478.11,1252288.07,83566.14793,275937.114,52834.59398,756156.9445,844537.6841,333365.5809,1179234.666,train
2/2/24,759934.82,74799.69,298348.45,50969.09,834734.51,349317.54,1184052.05,81434.05169,263643.1029,50622.83058,713723.1758,800197.9322,318378.8717,1120276.605,train
2/3/24,713821.79,86980.92,295194.6,55136.69,800802.71,350331.29,1151134,78626.49865,270844.3109,53073.41611,693489.8393,776412.4741,328625.4408,1107315.843,train
2/4/24,769930.65,71895.55,385462.65,68668.14,841826.2,454130.79,1295956.99,84758.1064,301876.2277,59292.3096,777468.5259,866740.7632,366771.9751,1237229.143,train
2/5/24,902274.6,99518.95,358205.65,70304.74,1001793.55,428510.39,1430303.94,88976.07199,294333.0737,57631.98673,745053.8459,840312.3191,357479.6839,1199146.836,train
2/6/24,772627.69,82281.53,318659.1,52784.41,854909.22,371443.51,1226352.73,91004.23525,277591.332,56108.5238,772840.5095,868576.727,339698.8342,1208723.685,train
2/7/24,735449.23,81798.15,317459.1,46465.69,817247.38,363924.79,1181172.17,88768.67606,282455.6259,55840.54433,786900.255,879595.2654,343257.7733,1222690.237,train
2/8/24,724048.75,71435.77,348365.45,57343.77,795484.52,405709.22,1201193.74,84739.08825,271066.2846,53673.95121,741418.1456,829676.0602,329303.963,1158997.5,train
2/9/24,566455.7,66769.52,275329.25,40964.27,633225.22,316293.52,949518.74,82542.5199,259903.7249,51469.14894,700906.4538,787218.5269,315460.0844,1103154.307,train
2/10/24,536097.55,64032.63,279535.35,52801.03,600130.18,332336.38,932466.56,79662.96662,267928.1999,54006.62044,682121.0395,764907.4322,326592.5144,1092479.339,train
2/11/24,574051.1,73231.02,289688.55,50534.93,647282.12,340223.48,987505.6,85838.54784,299637.4473,60387.959,765955.9197,855127.7929,365579.3329,1222983.623,train
2/12/24,916834.08,94472.01,308198.3,51457.6,1011306.09,359655.9,1370961.99,109362.5539,305609.6759,59920.74069,996429.0193,1108392.579,369986.9689,1476735.879,train
2/13/24,888319.88,115885.43,297355.95,50193.42,1004205.31,347549.37,1351754.68,92083.88466,277322.0176,57250.19132,763873.5883,859426.6562,340523.231,1199316.62,train
2/14/24,834525.9,94222.11,293357.7,50158.66,928748.01,343516.36,1272264.37,89782.02405,283048.2723,57030.70715,779032.0481,871586.6959,345024.6102,1215411.327,train
2/15/24,911911.51,99576.72,284511.25,52217.37,1011488.23,336728.62,1348216.85,85668.14441,272434.1402,54870.66682,735186.2911,823299.0989,331863.7212,1154176.94,train
2/16/24,956453.85,107976.35,327669.95,52738.75,1064430.2,380408.7,1444838.9,83409.91283,261946.9888,52667.91648,696119.7576,782270.616,318707.4165,1100496.729,train
2/17/24,826438.6,101580.69,340791.55,57783.29,928019.29,398574.84,1326594.13,80463.58686,270750.2514,55318.69121,678520.4367,761152.2226,330739.9458,1091702.956,train
2/18/24,828295.6,93059.21,377208.45,55463.47,921354.81,432671.92,1354026.73,86661.65678,303547.4437,61915.9586,763075.5448,852079.3042,371055.3233,1224118.868,train
2/19/24,907027.86,108189.81,376137.1,66989.21,1015217.67,443126.31,1458343.98,90893.12577,297626.7457,60295.98278,733535.0217,828380.1515,363464.3229,1190557.408,train
2/20/24,781743.05,89175.5,309248.8,55729.54,870918.55,364978.34,1235896.89,92881.35889,282196.5304,58814.19162,763223.3499,858570.2653,347036.3979,1204111.967,train
2/21/24,860341.05,87514.62,321528.45,48393.98,947855.67,369922.43,1317778.1,90517.64211,288587.8887,58645.69697,779442.0394,871774.3773,352262.8568,1221993.923,train
2/22/24,805086.75,82586.87,294108.45,61096.08,887673.62,355204.53,1242878.15,86329.95357,278257.5364,56478.71154,736541.8023,824427.9438,339388.1916,1161963.825,train
2/23/24,804518.67,91340.1,303401.88,62836.03,895858.77,366237.91,1262096.68,84015.16528,267967.3442,54262.66368,698274.356,784199.31,326421.4423,1109284.106,train
2/24/24,773689.6,85907.34,307723.55,64466.25,859596.94,372189.8,1231786.74,81009.69962,277353.5503,57046.48887,681420.954,763811.2551,339195.5593,1101665.102,train
2/25/24,761431.55,86202.31,340929.4,57257.29,847633.86,398186.69,1245820.55,87209.17073,311314.7409,63907.4808,767178.8467,855871.2342,380982.4692,1236559.79,train
2/26/24,693204.65,85263.65,310468.95,54247.54,778468.3,364716.49,1143184.79,91424.7661,305537.1789,62289.95841,738228.148,832796.6994,373555.8002,1203765.707,train
2/27/24,872343.6,88483.88,322976.25,55400.89,960827.48,378377.14,1339204.62,93381.17538,289916.4426,60810.59902,768819.5095,863836.3623,356960.1282,1218458.729,train
2/28/24,781810.95,83459.86,340060.55,60994.85,865270.81,401055.4,1266326.21,90899.85937,296645.6113,60516.02625,785815.0064,877748.4843,362258.1808,1237417.749,train
2/29/24,837166.7,80487.87,309470.2,54531.19,917654.57,364001.39,1281655.96,86594.71713,286124.6703,58162.10532,743116.6588,830599.8471,348881.16,1177316.671,train
3/1/24,712817.11,84887.37,304183.7,68294.42,797704.48,372478.12,1170182.6,84176.02343,275580.9451,55764.79627,704964.0615,790497.5587,335360.3945,1124465.629,train
3/2/24,788063.57,98246.97,326124.35,70444.65,886310.54,396569,1282879.54,81071.77875,285214.2921,58502.28608,688327.113,770293.1098,348224.1099,1117132.082,train
3/3/24,975974.9,107688.02,328323,73328.75,1083662.92,401651.75,1485314.67,105847.6028,333697.1239,66700.46477,1050761.453,1152700.591,404587.0653,1559578.221,train
3/4/24,960641.9,110300.32,332608.31,68794.17,1070942.22,401402.48,1472344.7,110837.7187,327351.1794,64869.25289,1011460.783,1121923.293,396266.3929,1518387.831,train
3/5/24,899728.15,109362.89,310933.35,59787.02,1009091.04,370720.37,1379811.41,93133.71223,297716.9857,61951.68397,777420.9992,871865.4073,365261.6234,1235981.88,train
3/6/24,860895.07,102606.07,323912.9,67477.06,963501.14,391389.96,1354891.1,90618.89898,304369.289,61681.93497,794720.2991,885978.9343,370466.8655,1255059.857,train
3/7/24,779739.95,90274.81,283986.2,65474.63,870014.76,349460.83,1219475.59,86289.35735,293272.7215,59308.52152,751568.8584,838378.775,356521.5134,1193818.242,train
3/8/24,721715.85,96282.39,281142.95,63079.7,817998.24,344222.65,1162220.89,83843.04143,282126.1591,56885.45588,712939.3152,797818.7126,342396.6868,1139826.782,train
3/9/24,731051.15,92556.78,292418.45,60121.77,823607.93,352540.22,1176148.15,80716.78582,291588.8605,59696.93613,696002.5648,777276.6908,355157.6974,1131871.292,train
3/10/24,760656.7,79769.73,314236,64826.58,840426.43,379062.58,1219489.01,86758.26352,326705.5075,66749.96147,783744.7786,871026.9481,398068.8303,1270035.926,train
3/11/24,658548.9,91971.18,274893.5,58519.73,750520.08,333413.23,1083933.31,90811.16188,319955.6678,64929.94182,754163.5957,847457.5702,389364.9205,1235662.626,train
3/12/24,734861.25,90300.89,281847.25,59193.68,825162.14,341040.93,1166203.07,92611.87763,302846.8738,63253.36944,785256.1853,878798.603,371056.3956,1249773.932,train
3/13/24,656347.85,80193.77,243003.9,66302.8,736541.62,309306.7,1045848.32,90075.68587,309011.8326,62981.97553,802297.8587,892547.244,375751.334,1267966.401,train
3/14/24,703843.23,83859.08,249969.6,65241.46,787702.31,315211.06,1102913.37,85739.12271,297131.6502,60558.41246,758260.8745,844077.1844,360996.9622,1204942.671,train
3/15/24,650128.25,75787.18,246461.7,61591.25,725915.43,308052.95,1033968.38,83277.18891,285217.6922,58080.29829,718778.3556,802690.1406,346074.1934,1149251.609,train
3/16/24,692666.93,92627.66,264136.55,68455.54,785294.59,332592.09,1117886.68,80142.81465,294115.3362,60942.57756,701151.2166,781431.0653,358296.0008,1139953.347,train
3/17/24,959053.2,94754.42,314615.1,76110.78,1053807.62,390725.88,1444533.5,104554.054,342777.281,69486.4741,1069140.928,1168076.363,414975.0735,1588638.474,train
3/18/24,968959.7,124506.22,309878.9,76020.58,1093465.92,385899.48,1479365.4,109400.8157,334880.4052,67573.65791,1027832.17,1135464.804,405072.4178,1543696.928,train
3/19/24,863622.7,109406.79,279511.95,77051.68,973029.49,356563.63,1329593.12,91858.99103,303255.0948,64521.14288,788866.5173,881159.8587,372049.7578,1253959.484,train
3/20/24,828899.75,107604.21,289250.35,78036.83,936503.96,367287.18,1303791.14,89315.0082,308642.6955,64218.54015,805139.5566,894058.3244,375942.9415,1270467.265,train
3/21/24,725360.4,100293.64,282344.85,70127.97,825654.04,352472.82,1178126.86,84989.12876,296012.0521,61718.61744,760107.0738,844629.2957,360384.4687,1205606.616,train
3/22/24,762115.15,88682.37,277017.1,65503.24,850797.52,342520.34,1193317.86,82524.64707,283403.7166,59161.65863,719700.0518,802349.7217,344713.3944,1148208.537,train
3/23/24,926954.3,87129.35,328785.7,72610.92,1014083.65,401396.62,1415480.27,79396.52242,291480.6083,62040.44219,701214.9227,780230.9657,356079.6416,1137221.868,train
3/24/24,833107.35,83078.16,367075.45,77247.88,916185.51,444323.33,1360508.84,85286.50818,324963.1527,69310.96584,787969.549,872621.7261,397410.2358,1272588.334,train
3/25/24,715915.13,88149.86,276775.5,76660.69,804064.99,353436.19,1157501.18,89217.87259,316649.707,67354.90234,756576.5504,847271.7255,387042.8315,1234693.299,train
3/26/24,707532.45,79435.17,261230.7,71383.51,786967.62,332614.21,1119581.83,90935.64316,298199.569,65543.13836,785985.2669,876743.578,367230.3587,1245223.85,train
3/27/24,646543.55,73060.23,277785.1,66738.03,719603.78,344523.13,1064126.91,88397.88919,302724.067,65181.81652,801166.6268,888517.4542,370236.7352,1259668.309,train
3/28/24,672813.1,80147,254724.35,57288.4,752960.1,312012.75,1064972.85,84099.34371,289609.0583,62589.26424,755377.1918,838390.6406,354124.0562,1193518.78,train
3/29/24,654220.2,82486.36,252674.45,63773.31,736706.56,316447.76,1053154.32,81645.37747,276595.1591,59940.37198,714294.826,795471.7077,337983.2874,1134960.096,train
3/30/24,618822.1,76653.43,271053.45,56966.37,695475.53,328019.82,1023495.35,78537.14775,283801.067,62795.47032,695050.4313,772623.9512,348378.8992,1122405.017,train
3/31/24,850260.75,79043.41,286757.75,68244.23,929304.16,355001.98,1284306.14,102416.451,329131.614,71478.94887,1057187.637,1152239.29,401729.6392,1559499.856,train
4/1/24,859923.13,111982.75,330474.7,82397.83,971905.88,412872.53,1384778.41,107122.6313,320000.6291,69387.48855,1013789.461,1117474.079,390456.6227,1510869.379,train
4/2/24,854063.63,112145.46,296835.23,60224.8,966209.09,357060.03,1323269.12,89914.12104,288419.1388,66128.57836,776138.1583,865195.6272,357111.3304,1223674.702,train
4/3/24,842341.79,97193.21,297470.35,74813.22,939535,372283.57,1311818.57,87395.72484,292204.497,65688.70654,790175.6383,875850.2347,359359.3435,1236182.332,train
4/4/24,784403.87,97267.04,296526.95,70299.75,881670.91,366826.7,1248497.61,83138.60429,279012.425,63001.62202,744143.4263,825558.9189,343104.7914,1169731.229,train
4/5/24,738062.55,86461.47,277742.55,57263.21,824524.02,335005.76,1159529.78,80706.93444,265998.4878,60262.30193,702879.0431,782495.7988,326910.5749,1110946.566,train
4/6/24,704178.24,77627.63,289546.1,66801.5,781805.87,356347.6,1138153.47,77630.21367,272474.8504,63054.66604,683203.9876,759278.4731,336427.2438,1097351.019,train
4/7/24,914686.75,98444.54,313415.25,66696,1013131.29,380111.25,1393242.54,83373.13418,302610.925,70283.12758,765961.4718,847405.7082,374132.7423,1224778.634,train
4/8/24,867486.6,97028.87,277928.7,73140.99,964515.47,351069.69,1315585.16,87202.41616,293805.7657,68139.30715,733806.5301,821122.3504,363131.3356,1185344.053,train
4/9/24,740200.3,80315.7,276443.7,60213.4,820516,336657.1,1157173.1,88870.16918,275754.0495,66147.05642,760697.4689,848035.8017,343433.1403,1192613.187,train
4/10/24,781834.4,82776.42,288439,59491.67,864610.82,347930.67,1212541.49,86382.00055,279063.9806,65621.00067,773804.8338,857836.9008,345197.805,1203735.065,train
4/11/24,687594.55,82718.03,240321.7,63769.1,770312.58,304090.8,1074403.38,82176.50488,266209.7565,62853.66699,728165.1386,808029.0166,329245.1628,1138115.668,train
4/12/24,666756.38,84249.02,245274.75,60509.75,751005.4,305784.5,1056789.9,79776.39879,253587.9592,60041.13423,687307.9285,765412.0544,313421.902,1080149.784,train
4/13/24,650086.6,68893.9,268580.25,52908.37,718980.5,321488.62,1040469.12,76739.61532,259591.8997,62739.89643,667655.048,742301.5853,322295.6375,1066268.591,train
4/14/24,905102.35,96660.12,310602.2,76752.31,1001762.47,387354.51,1389116.98,100075.9247,300444.0332,71231.17212,1013928.785,1105481.111,370856.9162,1479062.734,train
4/15/24,932732.6,103308.04,318547.2,73102.5,1036040.64,391649.7,1427690.34,104681.5017,291600.1991,68967.27592,970919.925,1070779.665,359765.296,1430822.9,train
4/16/24,857498.15,110079.93,299629,75629.63,967578.08,375258.63,1342836.71,87873.63471,262441.1528,65556.78977,742366.6909,828115.89,328496.1016,1157333.764,train
4/17/24,783083.35,89606.25,274056.35,77226.99,872689.6,351283.34,1223972.94,85423.17845,265579.5632,64950.9505,754940.8436,837496.8536,330098.3788,1167849.708,train
4/18/24,742309.05,88107.61,278464.85,63208.69,830416.66,341673.54,1172090.2,81274.74742,253373.2049,62132.04375,710270.8276,788755.2216,314802.287,1104033.191,train
4/19/24,704774.8,83979.79,260512.14,63690.59,788754.59,324202.73,1112957.32,78912.03543,241421.0152,59276.77899,670341.3047,747107.2479,299671.9137,1047760.523,train
4/20/24,705120.7,77576.55,289704.15,60564.87,782697.25,350269.02,1132966.27,75919.68331,247234.8897,61864.2832,651156.4075,724562.7301,308193.5683,1034354.488,train
4/21/24,733999.15,88812.84,329101.35,76506.95,822811.99,405608.3,1228420.29,81555.30841,274588.7388,68781.1768,729682.5964,808366.7196,342596.0545,1154035.408,train
4/22/24,691825.21,75691.29,290816,70095.2,767516.5,360911.2,1128427.7,85323.35483,266685.0321,66516.10379,698834.1393,783133.5596,332470.0104,1116674.403,train
4/23/24,723319.05,82147.43,293206.55,73635.64,805466.48,366842.19,1172308.67,86979.92097,250451.3715,64412.16106,724342.1045,808764.6388,314462.9575,1123530.965,train
4/24/24,687936.89,82668.15,288256.1,81584.93,770605.04,369841.03,1140446.07,84570.64193,253681.318,63745.41689,736845.0833,818204.2697,316182.8963,1134231.65,train
4/25/24,842136.13,72930.83,264751,71835.86,915066.96,336586.86,1251653.82,80479.75182,242274.8353,60912.82351,693523.3364,770906.4902,301741.41,1072812.443,train
4/26/24,831601.47,106732.52,262572.7,72913.32,938333.99,335486.02,1273820.01,78156.41757,231113.3585,58053.02695,654849.9195,730559.7816,287467.8702,1018750.277,train
4/27/24,12502977.4,1019840.75,2182788.65,415966.97,13522818.15,2598755.62,16121573.77,978779.4396,1793061.531,331105.2698,10942109.28,11827603.5,2146160.235,13817060.38,train
4/28/24,7281558.43,780179.28,1822546.85,432093.6,8061737.71,2254640.45,10316378.16,784750.5079,1625345.63,370133.9684,7040141.411,7781087.681,1998831.589,9712859.033,train
4/29/24,6416436.45,763810.26,2350514.8,467046.07,7180246.71,2817560.87,9997807.58,966978.3886,2351283.027,623650.9269,7229440.653,8195258.668,2967676.403,11133683.95,train
4/30/24,4134292.03,481893.04,1593520.2,327197.61,4616185.07,1920717.81,6536902.88,623294.2249,1730613.779,427959.621,4884275.278,5496134.269,2148991.37,7636450.037,train
5/1/24,4016195.51,465018.4,1461784.7,313894.66,4481213.91,1775679.36,6256893.27,550429.9303,1610584.668,391850.8658,4627417.27,5153847.752,1988674.239,7135504.118,train
5/2/24,4013455.5,523736.94,1338417.7,273354.6,4537192.44,1611772.3,6148964.74,602167.9948,1585539.637,384189.918,4770090.191,5351244.6,1963414.332,7306185.57,train
5/3/24,5551424.65,667388.9,1892642,428793.63,6218813.55,2321435.63,8540249.18,796721.7801,2069863.747,535639.1833,6376595.829,7149048.881,2586822.372,9717402.331,train
5/4/24,569023.74,77930.76,217406.3,55660.29,646954.5,273066.59,920021.09,74626.50838,229682.244,58886.43736,625719.6151,697567.2068,286515.9959,985882.2586,train
5/5/24,1199314.15,86505.14,238449.3,54116.91,1285819.29,292566.21,1578385.5,97381.23979,266814.0494,66672.40421,951901.6083,1040680.909,330565.0416,1370446.069,train
5/6/24,1378490.32,119057.84,352159.2,65039.83,1497548.16,417199.03,1914747.19,101928.2823,259987.312,64384.67277,913295.9928,1009967.555,321610.3146,1328828.061,train
5/7/24,953735.75,120245.51,267472,56868.35,1073981.26,324340.35,1398321.61,85618.65529,234972.1279,61049.49488,699797.6474,782737.117,294576.1945,1077542.867,train
5/8/24,660875.73,85227.45,250948.45,57647.13,746103.18,308595.58,1054698.76,83286.70796,238830.6918,60344.67836,713297.2405,793409.9413,296999.904,1090274.597,train
5/9/24,623012,72993.26,217908.33,49616.57,696005.26,267524.9,963530.16,79295.75437,228901.1929,57600.27022,672756.7252,749055.2338,284234.5979,1033661.257,train
5/10/24,577136.37,77215.79,217944.55,51277.49,654352.16,269222.04,923574.2,77043.35396,219141.5886,54842.51335,636610.9541,711335.1648,271571.1326,983950.8527,train
5/11/24,562505.8,64592.93,199407.75,52654.72,627098.73,252062.47,879161.2,74173.08855,225518.3298,57130.36735,620111.2572,691742.5431,280364.826,974446.1177,train
5/12/24,733915.55,78153.82,254856.55,57052.26,812069.37,311908.81,1123978.18,79734.41682,251725.126,63410.76537,696916.6381,773937.9479,312895.9907,1090786.828,train
5/13/24,692312.45,72565.61,244839.5,52649.94,764878.06,297489.44,1062367.5,83476.42624,245727.063,61229.40215,669474.3216,751985.1201,304883.8309,1059078.674,train
5/14/24,672983.47,59604.45,242723.6,52583.39,732587.92,295306.99,1027894.91,85156.38122,231961.7791,59212.81865,696082.6391,778954.3481,289570.0117,1069324.208,train
5/15/24,830335.68,76462.3,236260.5,49796.39,906797.98,286056.89,1192854.87,82855.099,236177.1218,58531.19593,710376.4205,790501.8785,292384.1702,1083387.141,train
5/16/24,686405.36,64602.38,216521.5,57972.18,751007.74,274493.68,1025501.42,78901.65346,226736.384,55874.60866,670811.233,747176.2955,280222.0932,1028468.951,train
5/17/24,642884.7,62033.15,215697.4,52510.64,704917.85,268208.04,973125.89,76676.4048,217419.5401,53207.81479,635525.6482,710362.8327,268114.8151,980260.5178,train
5/18/24,532154,58538.06,202446.4,47996.3,590692.06,250442.7,841134.76,73834.7816,224093.2754,55439.51852,619777.1525,691572.7947,277175.0745,972006.0106,train
5/19/24,865103.1,71746.32,250968.3,59901.98,936849.42,310870.28,1247719.7,96389.36269,261185.7348,62777.50378,945094.26,1034088.735,320702.5238,1354618.01,train
5/20/24,815709.17,89495.56,267415.6,70531.2,905204.73,337946.8,1243151.53,100932.345,255321.5915,60638.26083,908886.5274,1005829.217,312886.9812,1316794.272,train
5/21/24,712985.25,92793.71,228128.85,52001.09,805778.96,280129.94,1085908.9,84816.75178,231470.9683,57518.1252,698022.161,781256.5673,287365.5317,1070426.734,train
5/22/24,693353.75,80881.74,219423.25,62321.45,774235.49,281744.7,1055980.19,82626.98681,236282.4061,57021.54988,713091.7903,793627.7952,291034.1545,1086054.32,train
5/23/24,534826.73,61052.84,199643.5,48703.34,595879.57,248346.84,844226.41,78781.57254,227400.5412,54594.96973,674041.6031,750847.062,279752.9039,1032424.436,train
5/24/24,567905.23,63634.77,195356.9,45948.68,631540,241305.58,872845.58,76653.82807,218578.6169,52146.28238,639187.6983,714502.6065,268439.952,985338.2144,train
5/25/24,540474.63,59303.88,188754.1,43492.79,599778.51,232246.89,832025.4,73903.40735,225807.2849,54500.41539,623904.227,696203.4144,278295.1724,978285.8217,train
5/26/24,485626.2,65787.9,214134.05,49436.95,551414.1,263571,814985.1,79557.09,252980.3176,60697.44477,702567.7725,780417.687,311853.5235,1097753.507,train
5/27/24,680398.4,65284.31,261877.3,56163.92,745682.71,318041.22,1063723.93,83407.96575,247825.2484,58815.07636,676180.1223,759668.0367,305071.0943,1068337.21,train
5/28/24,562072.75,68286.66,194367.45,63866.07,630359.41,258233.52,888592.93,94894.30931,439167.1917,70185.14791,1032364.582,1118978.607,500204.8473,1641196.367,train
5/29/24,587767.95,63282.77,201025.9,52487.95,651050.72,253513.85,904564.57,83017.91042,239757.6991,56636.12241,720002.8419,801286.2616,294772.751,1097636.981,train
5/30/24,820559.8,97022.58,244788.3,65319.8,917582.38,310108.1,1227690.48,79165.76401,230867.6888,54271.79033,680984.6043,758542.5971,283520.0588,1044099.191,train
5/31/24,581503.03,72984.99,219306,59601.67,654488.02,278907.67,933395.69,77038.60342,222009.1557,51883.57834,646120.8127,722212.0023,272202.4001,997050.9457,train
6/1/24,600368.05,71634.78,218578.7,55132.31,672002.83,273711.01,945713.84,74284.80531,229432.3264,54276.09657,630972.7306,704050.6278,282329.5795,990417.8921,train
6/2/24,1158665.07,106103.1,273839.25,52642.67,1264768.17,326481.92,1591250.09,97108.62856,268072.4713,61711.49973,963371.6053,1054042.163,327700.4027,1382571.13,train
6/3/24,1165696.7,119591.3,280136.55,74783.46,1285288,354920.01,1640208.01,101823.1797,262658.6434,59857.46208,927513.6564,1026385.035,320683.1717,1346035.267,train
6/4/24,720610.55,94252.42,241976.05,58437.03,814862.97,300413.08,1115276.05,85680.87247,238631.5319,57019.15298,713048.8241,798025.285,295379.1745,1095745.629,train
6/5/24,781811.8,96676.28,251114.35,62296.16,878488.08,313410.51,1191898.59,83492.83641,243751.0762,56632.44255,729091.2686,811385.7438,299420.3937,1112807.364,train
6/6/24,633331.03,69610.7,225860.25,55396.84,702941.73,281257.09,984198.82,79629.96225,234703.9005,54327.62228,689694.0403,768245.5601,288037.6832,1058739.411,train
6/7/24,655522.15,73718.05,214212.3,51084.35,729240.2,265296.65,994536.85,77501.55489,225674.5566,51995.17239,654453.1813,731545.2621,276570.6322,1011173.882,train
6/8/24,726357.26,98637.79,262639.3,58520.5,824995.05,321159.8,1146154.85,74742.3142,233181.7154,54455.17053,639140.1598,713203.6907,286878.4264,1004533.185,train
6/9/24,728216.26,100717.27,260621.3,74512.89,828933.53,335134.19,1164067.72,80483.70858,261254.537,60776.48833,720017.1141,799828.005,321608.706,1127745.051,train
6/10/24,711375.7,95692.11,257945.45,58211.56,807067.81,316157.01,1123224.82,84404.55295,255909.2402,59020.67739,693175.0907,778822.5561,314715.0909,1097926.16,train
6/11/24,740478.2,84454.42,247867.5,58358.03,824932.62,306225.53,1131158.15,86249.76154,242336.1912,57411.58565,722149.3212,808344.1031,300120.1466,1111313.866,train
6/12/24,726771.45,84009.87,257490.85,53229.11,810781.32,310719.96,1121501.28,84061.75196,247448.3614,57092.07144,738280.2105,821783.887,304199.54,1128500.747,train
6/13/24,642185.75,78549.57,227265.95,62588.63,720735.32,289854.58,1010589.9,80187.1304,238173.028,54836.4401,698246.1015,777971.1322,292602.0178,1073517.277,train
6/14/24,731629.75,68325.54,238223.85,46996.02,799955.29,285219.87,1085175.16,78058.76814,228917.295,52547.86278,662408.7522,740665.0288,280915.7584,1025106.208,train
6/15/24,589233.7,76258.34,195955,52588.27,665492.04,248543.27,914035.31,75294.89717,236432.2187,55103.49974,646730.6264,721933.2776,291342.2548,1018162.638,train
6/16/24,914604.85,90881.48,242861.7,59006.17,1005486.33,301867.87,1307354.2,98465.18269,276070.4628,62805.21992,987118.5757,1080568.153,338114.2678,1421017.158,train
6/17/24,938463.4,121190.33,280038,59432.83,1059653.73,339470.83,1399124.56,103285.3615,270303.658,61068.73023,949999.9016,1051897.134,330813.2654,1383090.814,train
6/18/24,793559.65,107161.52,249110.25,55477.99,900721.17,304588.24,1205309.41,86946.48372,245393.4385,58317.97407,729992.7879,817559.0639,304643.5875,1125535.295,train
6/19/24,874271.65,81566.23,263236.6,58257.7,955837.88,321494.3,1277332.18,84762.34689,250463.575,58067.94055,746017.2971,830889.5034,308736.9761,1142617.184,train
6/20/24,615409.95,92038.58,223305.15,64976.83,707448.53,288281.98,995730.51,80877.23859,240976.6575,55845.47507,705287.7676,786333.1269,296924.4066,1086628.833,train
6/21/24,602472.95,65861.83,203521.3,49400.46,668334.78,252921.76,921256.54,78753.07367,231522.5558,53583.55096,668821.4588,748374.4825,285030.1093,1037321.058,train
6/22/24,571594.25,64459.15,209485.65,46991.06,636053.4,256476.71,892530.11,75987.64356,239037.6462,56261.60378,652727.8251,729200.2544,295579.2654,1029993.728,train
6/23/24,708398.62,72730.31,245706.45,54467.11,781128.93,300173.56,1081302.49,81868.4498,267613.1216,62952.76783,734801.144,817284.3089,331286.0012,1155728.632,train
6/24/24,695379.3,89168.85,259784.55,69992.77,784548.15,329777.32,1114325.47,85905.34488,261949.4149,61290.03123,706889.4855,795334.8397,324118.8789,1124575.081,train
6/25/24,686824.35,80555.8,245802.15,52241.75,767380.15,298043.9,1065424.05,87835.93555,247890.0805,59770.95761,735888.1264,824969.8791,309036.6406,1137685.428,train
6/26/24,882116.45,74896.76,275873.25,54035.79,957013.21,329909.04,1286922.25,85661.91103,252965.6456,59589.33666,751763.0542,838163.9986,313200.3544,1154678.917,train
6/27/24,701285.17,76208.44,246441.7,56676.63,777493.61,303118.33,1080611.94,81768.23145,243353.341,57379.8839,710470.584,792989.624,301241.4607,1097867.995,train
6/28/24,557826.95,63313.07,231249,49165.4,621140.02,280414.4,901554.42,79654.15751,233790.8701,55123.55828,673516.8333,754510.7271,289211.8045,1047860.248,train
6/29/24,679770.35,67412.77,220627.05,56684.85,747183.12,277311.9,1024495.02,76891.06698,241379.6954,57948.97959,657115.4738,735006.0612,299970.3275,1040304.907,train
6/30/24,1407799.15,124471.86,270540.4,74045.73,1532271.01,344586.13,1876857.14,100631.4777,281776.1882,66212.20204,1002301.902,1099539.363,348184.2283,1451346.573,train
7/1/24,1204062.82,138263.83,293653.35,71132.23,1342326.65,364785.58,1707112.23,105644.8854,275851.6425,64539.68586,964012.8143,1069830.121,340751.9644,1412127.128,train
7/2/24,905585.05,119538.93,259078.7,74891.48,1025123.98,333970.18,1359094.16,89009.91321,250425.4629,61782.38365,740339.1917,831123.1552,313905.8022,1148841.102,train
7/3/24,757279.48,96668.74,254879.1,58866.69,853948.22,313745.79,1167694.01,86852.90923,255627.6134,61665.21023,756206.8974,844344.0608,318267.5909,1166028.389,train
7/4/24,861764.2,114155.04,284267.95,68745.35,975919.24,353013.3,1328932.54,82950.95975,246005.2581,59561.05051,714607.4275,798690.1015,306261.9739,1108740.836,train
7/5/24,707638.4,93630.74,249745.25,70418.8,801269.14,320164.05,1121433.19,80852.8171,236444.8803,57393.30374,677414.4957,759832.7983,294191.5908,1058371.922,train
7/6/24,619067.65,80313.73,246277.15,60050.84,699381.38,306327.99,1005709.37,78094.80016,244249.144,60517.47076,660931.5061,740130.023,305320.7926,1050931.848,train
7/7/24,733042.85,91253.24,304666.65,79524.21,824296.09,384190.86,1208486.95,84229.87943,273633.1959,67999.35712,743899.3416,829342.9561,342515.5179,1179374.5,train
7/8/24,678320.05,85866.05,267961.45,61904.44,764186.1,329865.89,1094051.99,88482.87442,268064.34,66478.69501,715580.8554,806958.264,335450.9502,1147845.542,train
7/9/24,692165,83639.27,234912.45,62207.38,775804.27,297119.83,1072924.1,90577.33272,253926.0377,65097.70522,744950.204,836993.1641,320210.4635,1161613.146,train
7/10/24,815518.58,83449.68,265035.65,74298.32,898968.26,339333.97,1238302.23,88442.69208,259419.4475,65163.7229,761118.7993,850433.6477,324939.1991,1179483.154,train
7/11/24,674289.25,86182.05,242776.6,69684.72,760471.3,312461.32,1072932.62,84528.67325,249883.3627,62999.46893,719487.8189,804735.8268,312969.6076,1122070.232,train
7/12/24,599981.03,74985.64,225609.9,57214.45,674966.67,282824.35,957791.02,82450.08987,240409.7157,60761.89398,682312.5025,765903.582,300928.7047,1071672.254,train
7/13/24,622608.78,63013.63,250330.45,58694.13,685622.41,309024.58,994646.99,79696.51864,248607.2664,64125.76265,666020.0025,746401.1433,312635.0608,1064775.442,train
7/14/24,805577.3,99312.96,266985.15,71746.15,904890.26,338731.3,1243621.56,104446.7772,290715.7002,73551.63555,1016504.31,1117161.093,363521.8011,1486817.823,train
7/15/24,896709.1,91576.64,303105.75,69772.99,988285.74,372878.74,1361164.48,109805.4336,285135.4829,71965.23506,978394.2051,1087665.287,356426.6323,1448105.772,train
7/16/24,807912.1,98051.44,286419.6,69075.68,905963.54,355495.28,1261458.82,92649.61616,259372.2254,69147.28796,752035.0765,845616.721,328993.8617,1179442.364,train
7/17/24,837910.1,91051.83,281360.45,69069.31,928961.93,350429.76,1279391.69,90538.72923,265324.1703,69268.74256,768918.7492,859820.6971,334257.5754,1198577.235,train
7/18/24,682326.85,82783.44,252977.75,57314.96,765110.29,310292.71,1075403,86602.46797,255910.9422,67015.33976,727438.5174,814258.7574,322346.6364,1141237.685,train
7/19/24,660357.6,86383.7,241736.65,59811.98,746741.3,301548.63,1048289.93,84542.6653,246545.6285,64678.22608,690443.1867,775621.6737,310340.9871,1090991.508,train
7/20/24,647605.05,86202.46,230286.75,54609.96,733807.51,284896.71,1018704.22,81787.49395,255309.3076,68301.75981,674574.0907,756552.493,322833.1316,1085028.021,train
7/21/24,749642.9,82351.1,267696.24,68033.46,831994,335729.7,1167723.7,88353.93852,286752.5432,76856.14382,760398.2897,849013.7719,363032.0275,1219680.283,train
7/22/24,747847.35,103517.39,278499.1,73893.48,851364.74,352392.58,1203757.32,92965.90748,281654.1915,75239.62859,732642.4831,827428.1068,356420.488,1189181.123,train
7/23/24,862998.49,96613.5,295008.65,71352.99,959611.99,366361.64,1325973.63,95322.91828,267517.1445,73771.22374,764043.4599,859700.5871,341082.6377,1205691.948,train
7/24/24,753945.47,83897.13,261826.35,55014.99,837842.6,316841.34,1154683.94,93230.99324,274054.6128,73935.03734,782077.3994,875099.5788,347003.1862,1226631.684,train
7/25/24,719092.13,77960.65,263380.83,52982.01,797052.78,316362.84,1113415.62,89254.23279,264715.484,71559.87928,740753.921,829670.3063,335083.2095,1169295.853,train
7/26/24,773465.69,82142.61,251600.35,61914.16,855608.3,313514.51,1169122.81,87206.06964,255395.1407,69090.24332,703932.893,791229.5161,323027.8774,1119127.061,train
7/27/24,617398.42,72847.71,243448.9,63075.34,690246.13,306524.24,996770.37,84436.1935,264848.806,72985.10693,688611.0062,772707.5104,336466.1506,1114335.887,train
7/28/24,1601986,139584.47,287526.85,81159.64,1741570.47,368686.49,2110256.96,110845.8187,310580.9902,83786.33438,1053350.451,1159066.677,392245.0157,1559482.361,train
7/29/24,1643114.45,163901.62,341311.1,86372.19,1807016.07,427683.29,2234699.36,116730.1051,305472.3867,82043.67375,1016223.819,1131018.746,385576.7199,1522325.963,train
7/30/24,1101067.6,134155.9,322350.45,93999.73,1235223.5,416350.18,1651573.68,98658.74489,278640.3441,78886.11271,782990.8447,881370.9361,356801.6661,1242752.66,train
7/31/24,1223720.01,148576.39,357512.25,85139.35,1372296.4,442651.6,1814948,96572.97982,285809.093,79072.71034,802545.2676,898315.2158,363410.7378,1265861.793,train
8/1/24,823762.5,98375.62,313595.8,73946.6,922138.12,387542.4,1309680.52,92528.4867,276400.6109,76539.87755,761165.8049,852786.3673,351309.8436,1208136.314,train
8/2/24,754284.65,96753.7,290523.45,77959.19,851038.35,368482.64,1219520.99,90476.95783,266970.9061,73901.88991,724309.174,814332.8435,339019.3624,1157666.633,train
8/3/24,781578,97154.83,297397.65,73544.88,878732.83,370942.53,1249675.36,87671.20195,277146.0798,78067.86434,709501.8767,796303.0642,353462.5834,1154047.071,train
8/4/24,914309.55,111582.7,320660.8,83449.04,1025892.25,404109.84,1430002.09,94862.21956,312016.3289,87865.93226,801868.4904,895880.6851,398333.1285,1300296.509,train
8/5/24,773612.45,100179.86,299456.15,88907.15,873792.31,388363.3,1262155.61,99971.43682,307156.973,86029.68494,774636.3655,875318.7816,391878.0392,1270711.24,train
8/6/24,673720.25,82806.66,275742.15,83028.37,756526.91,358770.52,1115297.43,102664.4614,292354.556,84354.08619,809969.2134,911766.57,375733.4726,1291283.349,train
8/7/24,814936.61,100452.55,289790.05,76547.15,915389.16,366337.2,1281726.36,100562.8609,300084.4076,84536.48025,831267.7789,930442.9402,382935.5838,1316633.073,train
8/8/24,905909,116689.59,320838.75,79150.76,1022598.59,399989.51,1422588.1,96414.5869,290376.855,81807.88541,789400.0957,884350.4559,370383.7046,1257808.959,train
8/9/24,766529.1,94499.85,285384.9,81145.58,861028.95,366530.48,1227559.43,94336.02054,280604.3724,78964.27417,752095.2402,845461.9094,357582.5249,1206365.61,train
8/10/24,670398.57,88250.63,284684.9,79935.01,758649.2,364619.91,1123269.11,91464.99946,291404.7597,83385.94835,737590.6237,827677.0177,372941.154,1203621.358,train
8/11/24,1324936.16,128455.13,328777.75,78309.75,1453391.29,407087.5,1860478.79,120231.3517,342139.4706,95682.53704,1131073.36,1244472.32,435251.5317,1687675.111,train
8/12/24,1265766.1,143501.46,334903.55,87515.2,1409267.56,422418.75,1831686.31,126773.5224,336851.4731,93640.05592,1093844.436,1217166.539,428247.655,1650466.21,train
8/13/24,931660.65,105304.11,287788.8,89891.57,1036964.76,377680.37,1414645.13,107275.8554,307505.6863,89976.73727,844769.627,950626.9556,396575.7158,1349665.088,train
8/14/24,984299.15,115803.6,321212.9,85062.39,1100102.75,406275.29,1506378.04,105127.0433,315593.9956,90120.88295,867818.7451,970989.9839,404131.328,1376948.055,train
8/15/24,857623.15,93560.25,292987.55,82516.46,951183.4,375504.01,1326687.41,100830.7843,305304.3657,87158.91918,824265.4324,923373.5436,390794.2653,1316027.716,train
8/16/24,805497.47,93233.78,307019.85,86474.2,898731.25,393494.05,1292225.3,98692.27563,294913.3471,84073.8882,785405.1729,883171.9614,377155.6458,1262671.871,train
8/17/24,785997.1,101599.79,316270.5,89577.36,887596.89,405847.86,1293444.75,95718.69791,306103.8023,88718.83123,770290.8121,864925.7306,393170.4835,1260158.088,train
8/18/24,904421.25,100436.53,351187.15,101186.53,1004857.78,452373.68,1457231.46,103655.7649,344475.3987,99737.54957,871527.6468,974439.4496,442921.4858,1421254.577,train
8/19/24,808048.32,90936.96,325406.9,89263.5,898985.28,414670.4,1313655.68,109320.3227,338885.1615,97530.0397,842741.6362,953276.1553,435486.3186,1390064.311,train
8/20/24,932391.65,101851.19,316579.1,83664.92,1034242.84,400244.02,1434486.86,112339.6529,322257.6118,95500.51213,881904.9647,994086.3026,417202.0948,1413500.905,train
8/21/24,962404.8,107063.57,324180.75,89026.61,1069468.37,413207.36,1482675.73,110103.3562,330390.6828,95567.75659,905703.0171,1015441.963,424751.4559,1441954.383,train
8/22/24,831055.2,100132.21,310262.75,85827.23,931187.41,396089.98,1327277.39,105612.8114,319247.8264,92339.78703,860529.0263,965937.0008,410301.8399,1377962.598,train
8/23/24,791697.43,96571.17,291875.55,82112.54,888268.6,373988.09,1262256.69,103376.6024,307987.9478,88983.67673,820151.0628,924078.6922,395522.3386,1321782.029,train
8/24/24,832793.95,104300.12,302785.25,94326.47,937094.07,397111.72,1334205.79,100260.4207,319229.3324,93803.45965,804481.0989,905097.6949,411794.1602,1318711.679,train
8/25/24,1146111.6,124882.28,359489.6,113748.3,1270993.88,473237.9,1744231.78,131819.7034,374000.408,107440.0409,1233659.68,1361339.83,479655.1928,1848621.2,train
8/26/24,1067977.2,127315.57,354618.85,109113.61,1195292.77,463732.46,1659025.23,139007.044,367340.6276,104945.7829,1192854.007,1331691.027,470911.1624,1807109.237,train
8/27/24,905095.05,127945.27,334852.7,109019.27,1033040.32,443871.97,1476912.29,117628.6002,334462.6683,100639.1094,920913.3226,1040063.289,435045.0674,1476868.81,train
8/28/24,880683.4,107434.32,323369.7,107360.79,988117.72,430730.49,1418848.21,115261.571,342289.5524,100591.1419,945537.5409,1062144.271,442188.133,1505536.595,train
8/29/24,934016,111058.51,316296.25,102798.07,1045074.51,419094.32,1464168.83,110530.5251,330125.7571,97075.52883,898076.9684,1010020.253,426407.9754,1437582.908,train
8/30/24,825453.75,101771.32,324548.3,98190.4,927225.07,422738.7,1349963.77,108155.1335,317861.9425,93430.77203,855572.0047,965836.7162,410308.6701,1377761.14,train
8/31/24,797296.95,101074.93,310745.3,117487.26,898371.88,428232.56,1326604.44,104855.5465,328800.4723,98365.81149,838790.6227,945507.3811,426391.9782,1373241.519,train
9/1/24,938119.35,119358.42,366946.6,116909.16,1057477.77,483855.76,1541333.53,113494.4029,368696.9887,110320.6755,948497.5865,1064610.805,478765.8589,1546525.159,train
9/2/24,981760.6,122569.29,435230.9,126082.31,1104329.89,561313.21,1665643.1,119625.5957,361365.2048,107616.4153,916487.9637,1040704.931,469110.4698,1510115.663,train
9/3/24,860594.95,115937.81,331755.95,111388.27,976532.76,443144.22,1419676.98,122844.1845,342311.252,105114.2214,958194.3868,1084251.112,447809.3364,1532820.167,train
9/4/24,945115.4,120147.85,359937.25,98726.94,1065263.25,458664.19,1523927.44,120303.1056,349558.0461,104920.0354,982971.7964,1106326.379,454230.0196,1560626.586,train
9/5/24,954042.37,127536.03,389992.3,103474.16,1081578.4,493466.46,1575044.86,115293.4248,336395.5149,101112.4742,932760.3039,1051057.797,437112.9717,1488240.721,train
9/6/24,895109.27,106324.19,344287.25,108377.14,1001433.46,452664.39,1454097.85,112740.3328,323185.7217,97179.49427,887719.8053,1004074.138,419732.4608,1424372.123,train
9/7/24,952075.9,109471.14,363407.95,113881.07,1061547.04,477289.02,1538836.06,109222.944,333573.4302,102167.6081,869373.4729,981890.7832,435273.6976,1417702.02,train
9/8/24,1496667.35,141952.94,440219.45,126859.36,1638620.29,567078.81,2205699.1,143433.5933,389147.1244,116700.9732,1330847.847,1474279.559,504974.1064,1982451.017,train
9/9/24,1286987.85,157867.72,395942.6,111647.69,1444855.57,507590.29,1952445.86,151061.4123,380588.6026,113677.2223,1284399.944,1439461.854,493766.4225,1932907.069,train
9/10/24,1118988.15,143600.2,362829.3,112262.33,1262588.35,475091.63,1737679.98,127654.7166,345049.0166,108708.5951,989584.4639,1121969.651,454310.0829,1575426.112,train
9/11/24,1033885.25,142941.55,363372.7,122755.19,1176826.8,486127.89,1662954.69,124904.4035,351628.3046,108351.8522,1013862.891,1143337.619,459898.4438,1601546.995,train
9/12/24,970316.82,131437.03,333811.4,116124.83,1101753.85,449936.23,1551690.08,119593.6452,337712.3327,104269.9621,960793.1739,1084775.124,441699.0271,1524900.994,train
9/13/24,958452.5,122904.09,341654.35,93222.15,1081356.59,434876.5,1516233.09,116834.3071,323827.1819,100070.9642,913151.818,1034868.795,423327.0994,1457192.143,train
9/14/24,886915.63,118983.64,364893.21,111466.23,1005899.27,476359.44,1482258.71,113078.0291,333621.5196,105058.0654,893036.287,1010592.966,438192.707,1448116.683,train
9/15/24,1047372.53,112613.04,396172.95,118030.17,1159985.57,514203.12,1674188.69,122177.8707,372638.1582,117492.5138,1007267.994,1134996.595,490122.9592,1625971.615,train
9/16/24,895879.75,121152.49,343829,107099.79,1017032.24,450928.79,1467961.03,128541.3642,363847.1891,114288.7657,970729.6875,1106601.33,478438.6614,1582913.789,train
9/17/24,906572.35,107513.17,342956.95,106180.17,1014085.52,449137.12,1463222.64,131748.3557,343413.329,111317.7799,1012191.975,1149809.851,455056.6798,1601870.214,train
9/18/24,845449.3,112342.69,343391.72,95782.42,957791.99,439174.14,1396966.13,128769.2582,349475.0725,110802.2305,1035544.35,1170011.122,459970.1629,1626029.871,train
9/19/24,838709.39,110695.18,324680.65,102413.98,949404.57,427094.63,1376499.2,123157.1047,335223.7598,106486.2457,979946.9243,1108478.68,441161.3497,1545990.497,train
9/20/24,802068.6,116449.74,306362,109784.96,918518.34,416146.96,1334665.3,120179.5538,321085.0585,102064.9199,930048.6374,1055965.099,422282.1361,1475293.256,train
9/21/24,831482.54,105982.93,326433.85,89439.19,937465.47,415873.04,1353338.51,116182.3867,330481.3356,107015.144,908305.2065,1029733.095,436619.5748,1464146.911,train
9/22/24,1202473.57,135842.36,389752.45,114484.36,1338315.93,504236.81,1842552.74,152241.5669,384564.6244,121914.7918,1386608.876,1541769.377,505140.5891,2041629.337,train
9/23/24,1178706.16,143414.65,383832.1,125752.88,1322120.81,509584.98,1831705.79,159983.3954,375259.4415,118448.0067,1334555.382,1501149.572,492681.283,1985164.004,train
9/24/24,1426505.75,199724.95,458133.45,153007.79,1626230.7,611141.24,2237371.94,134890.8383,339550.7961,112983.664,1025455.107,1166812.483,452276.5772,1613752.443,train
9/25/24,950752.49,128042.21,341004.2,101336.3,1078794.7,442340.5,1521135.2,131684.5803,345454.3343,112334.5285,1047835.855,1185791.316,456912.7146,1636366.512,train
9/26/24,960277.65,117248.09,349969,105498.94,1077525.74,455467.94,1532993.68,125794.8459,331302.164,107551.465,990471.6099,1122333.255,437943.5072,1554316.746,train
9/27/24,1058733.29,112325.44,346380.55,111748.11,1171058.73,458128.66,1629187.39,122606.8148,317327.9755,102701.8236,939048.3781,1068180.818,418998.2574,1481944.564,train
9/28/24,1020976.13,130802.1,343279,110255.57,1151778.23,453534.57,1605312.8,118387.578,326677.6174,107287.1323,916194.1937,1040753.076,433086.9943,1469608.922,train
9/29/24,1094257.25,137369.93,426227.8,116859.87,1231627.18,543087.67,1774714.85,127614.6777,364737.3506,119402.7146,1031058.251,1166320.608,483863.6015,1646893.1,train
9/30/24,920777.25,138713.8,347010,128041.58,1059491.05,475051.58,1534542.63,133946.0681,356123.7973,115593.4507,991534.9718,1134780.425,471943.8378,1600442.699,train
10/1/24,937038.75,134590.35,363955.2,118089.39,1071629.1,482044.59,1553673.69,136965.876,336242.9047,112062.9429,1031813.778,1176777.456,448660.2159,1617042.957,train
10/2/24,891616.6,117230.21,341676.25,121938.09,1008846.81,463614.34,1472461.15,133555.8453,342431.6929,111034.5236,1053654.217,1195257.014,453434.6125,1639153.034,train
10/3/24,870649,130199.94,297060.9,112555.17,1000848.94,409616.07,1410465.01,127438.1339,328839.6395,106233.4661,995382.6522,1130476.865,434973.4943,1556625.154,train
10/4/24,845408.87,132360.89,304073.45,107399.61,977769.76,411473.06,1389242.82,124070.2606,315451.2994,101379.6554,943241.743,1075254.834,416579.2357,1484003.939,train
10/5/24,850566.65,124115.3,327402.85,117275.65,974681.95,444678.5,1419360.45,119669.8522,325307.3596,105846.3763,919930.5219,1047086.806,431100.1316,1471693.649,train
10/6/24,1210986.52,141689.93,355083.95,137131.08,1352676.45,492215.03,1844891.48,156457.8658,379422.2327,120086.7898,1402694.507,1565835.672,499365.2567,2051092.611,train
10/7/24,1224303.85,180365.87,353655.7,124298.99,1404669.72,477954.69,1882624.41,164048.8933,371246.5763,116205.8065,1348699.809,1522985.129,487813.9552,1993804.022,train
10/8/24,981182.4,148405.02,292905,117514.25,1129587.42,410419.25,1540006.67,138016.7264,336963.0143,110415.8771,1035504.274,1182761.398,448667.5236,1620708.431,train
10/9/24,907404.3,132746.25,301870.7,127581.72,1040150.55,429452.42,1469602.97,134447.8068,344018.3864,109370.6411,1057486.766,1201188.325,454291.9793,1643752.11,train
10/10/24,854766.5,130955.55,285000.4,97192.34,985722.05,382192.74,1367914.79,128166.7845,331242.5202,104618.2826,999179.5878,1136070.405,436682.5015,1562030.988,train
10/11/24,890654.36,139735.4,358332.5,95769.16,1030389.76,454101.66,1484491.42,124664.748,318655.0224,99823.09751,947117.538,1080677.065,419131.1674,1490336.208,train
10/12/24,875733.22,133952.93,336084.25,98661.26,1009686.15,434745.51,1444431.66,120136.7893,329592.6509,104212.7411,924089.6401,1052581.171,434754.1574,1479327.415,train
10/13/24,1105001.18,147409.5,435145.3,140569.31,1252410.68,575714.61,1828125.29,129252.0766,369856.9978,115922.2929,1040202.677,1179432.236,487594.9901,1659762.698,train
10/14/24,1007469.35,150810.18,400945.35,119295.5,1158279.53,520240.85,1678520.38,135413.4393,363072.7557,112182.5446,1000804.822,1147639.465,477558.3716,1615272.91,train
10/15/24,988859.12,127512.7,392111.6,105306.7,1116371.82,497418.3,1613790.12,138219.2589,344763.7783,108731.003,1042192.748,1190470.483,456016.4273,1634776.776,train
10/16/24,1106436.45,122554.31,419185,113472.77,1228990.76,532657.77,1761648.53,134547.1367,353221.8382,107723.1005,1065243.608,1209785.859,463047.3806,1660319.93,train
10/17/24,1091443.3,137843.09,428316.25,120077.71,1229286.39,548393.96,1777680.35,128173.6515,341337.4451,103069.8536,1007495.749,1145048.364,446412.1351,1580133.553,train
10/18/24,1145546.15,132239.46,411684,105861.09,1277785.61,517545.09,1795330.7,124591.5468,329587.3615,98378.55325,956039.3241,1090134.04,429774.6815,1510016.648,train
10/19/24,961813.75,127446.17,351774.05,108535.81,1089259.92,460309.86,1549569.78,119994.7164,342194.838,102745.8609,933906.0883,1062790.989,447189.2764,1501403.351,train
10/20/24,1110285.06,148048.28,431336.65,121441.16,1258333.34,552777.81,1811111.15,156663.321,401917.1928,116622.1656,1426594.953,1591464.256,520946.9382,2098414.63,train
10/21/24,1168687.4,150624.74,378131.5,113690.44,1319312.14,491821.94,1811134.08,164048.7309,396089.1493,112919.5715,1374465.859,1550311.102,511887.7046,2045989.27,train
10/22/24,1025884.67,126894.6,382722.25,99902.82,1152779.27,482625.07,1635404.34,137847.5087,362160.3091,107370.6315,1057646.51,1206083.781,473657.884,1668495.18,train
10/23/24,924147.9,126930.64,380250.4,100658.61,1051078.54,480909.01,1531987.55,134130.4336,372518.9832,106444.5102,1082727.812,1227242.879,482569.3817,1697989.638,train
10/24/24,1022650.82,129436.61,348561,115984.7,1152087.43,464545.7,1616633.13,127730.6025,361417.4896,101918.5546,1025712.698,1163168.396,466799.2245,1619351.802,train
10/25/24,927529.6,128650.36,348810.7,93640.77,1056179.96,442451.47,1498631.43,124122.0754,350361.3464,97353.82841,974994.114,1108987.31,450919.3258,1550805.125,train
10/26/24,935932.9,123207.88,352912.9,107154.3,1059140.78,460067.2,1519207.98,119510.9674,365198.3216,101758.4942,954117.4965,1082806.993,470773.0826,1545330.047,train
10/27/24,1246620.26,200838.81,456091.95,157567.18,1447459.07,613659.13,2061118.2,128480.2797,413001.5446,113342.923,1077368.555,1216467.694,531459.0343,1740776.953,train
10/28/24,20878142.33,2304314.68,3657152.9,988925.14,23182457.01,4646078.04,27828535.05,2323053.767,3657439.975,1075046.523,21074193.92,23522054.07,4851838.828,28111733.78,train
10/29/24,10686972.63,1423513.58,2682567.5,809201.42,12110486.21,3491768.92,15602255.13,1362281.609,2611113.893,841392.6853,11412382.82,12902036.25,3538610.827,16312588.13,train
10/30/24,14278719.91,1594522.04,3766192.8,1119780.81,15873241.95,4885973.61,20759215.56,1585793.498,3588678.622,1059001.674,14655450.76,16311601.71,4752258.264,20905969.52,train
10/31/24,744701.8,108051.36,247635.65,91688.78,852753.16,339324.43,1192077.59,127138.6735,393019.9563,101420.4194,1058048.349,1194972.113,499496.7748,1685686.392,train
11/1/24,1263282.08,125752.05,242847.1,79092.77,1389034.13,321939.87,1710974,150010.8446,398618.4188,98913.70752,1365812.076,1523668.08,501106.5912,2011953.676,train
11/2/24,1208812.51,149452.29,316151.75,94144.7,1358264.8,410296.45,1768561.25,144447.2601,416884.5312,103502.3581,1339281.04,1490351.495,524723.7803,2009382.136,train
11/3/24,1138454.38,154351.24,391082.9,112601.58,1292805.62,503684.48,1796490.1,127909.4059,453615.976,113160.1125,1118106.132,1256417.354,573760.1784,1824383.545,train
11/4/24,1268805.39,141369.21,366831.4,106577.12,1410174.6,473408.52,1883583.12,133937.0874,450116.3181,109793.0168,1081473.985,1228115.445,567205.1466,1786728.338,train
11/5/24,1134138.38,143315.49,349723.45,83222.87,1277453.87,432946.32,1710400.19,136659.9404,431954.7713,106703.7891,1132317.267,1279911.253,546613.0706,1819851.931,train
11/6/24,1061759.62,129959.25,348345.35,101597.45,1191718.87,449942.8,1641661.67,132996.3267,447136.1791,106013.7962,1163763.056,1306902.855,560064.0994,1860139.8,train
11/7/24,1095853.29,113678.95,372573.75,90275.37,1209532.24,462849.12,1672381.36,126680.3239,436438.7371,101660.0423,1106845.553,1243007.326,544718.1395,1781797.356,train
11/8/24,1021582.26,120877.98,383524.75,99404.64,1142460.24,482929.39,1625389.63,123140.712,425510.3354,97258.13246,1056257.538,1189248.973,528926.0415,1713740.988,train
11/9/24,981766.32,110201.42,420698.1,107538.71,1091967.74,528236.81,1620204.55,118613.5699,445911.1664,101820.2439,1037670.021,1165205.095,554935.7808,1714890.328,train
11/10/24,1369075.05,233138.38,524437.95,146171.77,1602213.43,670609.72,2272823.15,127576.76,506794.6475,113595.169,1176215.402,1313530.607,629371.2082,1939696.388,train
11/11/24,24628575.59,2692882.09,7276529.4,1870238.83,27321457.68,9146768.23,36468225.91,2391244.654,6444680.342,1586574.227,22158503.2,24734306.27,8235485.499,32918683.96,train
11/12/24,9031939.07,1163301.13,3702125.6,943735.95,10195240.2,4645861.55,14841101.75,1144656.164,3380426.455,898844.4152,9257635.363,10493960.63,4382342.032,14830169.25,train
11/13/24,7617355.42,837856.74,3054081.6,747659.48,8455212.16,3801741.08,12256953.24,849230.8459,2750128.965,691241.2214,7316584.639,8229649.431,3505417.544,11698534.88,train
11/14/24,7308657.51,869596.78,2856505.4,704127.41,8178254.29,3560632.81,11738887.1,949254.2517,2640916.374,718137.8838,7394862.793,8428321.733,3420839.38,11815105.87,train
11/15/24,10141501.45,1146781.4,3667551.6,881093.39,11288282.85,4548644.99,15836927.84,1255112.429,3544922.363,965068.8818,10562694.9,11884025.32,4572125.828,16397455.04,train
11/16/24,807497.64,92408.56,379419.1,82566.73,899906.2,461985.83,1361892.03,118650.2215,500885.9018,102709.9786,1101612.525,1228420.33,612509.915,1838925.706,train
11/17/24,1658249.64,141388.22,470480.3,96316.7,1799637.86,566797,2366434.86,155039.1591,593516.7761,116998.7133,1694329.936,1850719.984,719420.6348,2588810.552,train
11/18/24,1322100.07,147986.17,452769,93645.23,1470086.24,546414.23,2016500.47,162509.1665,589655.6237,113693.6187,1643396.024,1813687.125,712323.7853,2541815.453,train
11/19/24,1263027.01,148186.92,445521.85,111796.9,1411213.93,557318.75,1968532.68,136708.6214,543095.6004,108499.6529,1272875.394,1419265.224,663759.6627,2086763.547,train
11/20/24,1104302.73,126244.93,426214.75,96426.38,1230547.66,522641.13,1753188.79,133191.063,562261.7496,107955.566,1311338.295,1452412.822,680556.7814,2137241.556,train
11/21/24,1115393.68,110876.57,467346.35,90879.9,1226270.25,558226.25,1784496.5,127013.487,548585.1218,103741.0871,1249889.214,1384186.975,662055.8986,2050595.264,train
11/22/24,988028.35,132874.74,455221.5,93262.2,1120903.09,548483.7,1669386.79,123613.1985,534333.3163,99452.8156,1195049.302,1326719.03,642705.3886,1974939.026,train
11/23/24,977801.65,108318.95,490647.95,119924,1086120.6,610571.95,1696692.55,119216.3155,559101.0386,104324.4054,1175978.129,1301967.122,673829.7699,1978341.282,train
11/24/24,1456918.25,221384.04,724243.65,160577.13,1678302.29,884820.78,2563123.07,128388.1638,634120.963,116611.013,1334869.932,1469709.793,763308.7174,2239345.894,train
11/25/24,15087405.91,1925319.73,5327834,1464242.76,17012725.64,6792076.76,23804802.4,1824083.434,4517634.081,1273178.258,13648833.41,15587587.62,5898745.73,21455092.55,train
11/26/24,6913784.93,1047819.03,3056183.6,895984.97,7961603.96,3952168.57,11913772.53,1086598.343,2759568.244,859527.271,7034906.96,8207867.651,3680850.268,11882490.68,train
11/27/24,6179683.81,784255.35,2923398.95,778172.02,6963939.16,3701570.97,10665510.13,833471.7419,2708380.834,734834.859,6165285.044,7062043.242,3485406.229,10548548.36,train
11/28/24,7336869.38,838049.44,4122116,883726.96,8174918.82,5005842.96,13180761.78,847904.5339,3770770.804,809471.8982,7250348.817,8115181.758,4603665.073,12729970.82,train
11/29/24,14752105.49,1032658.14,10048647.4,1307331.67,15784763.63,11355979.07,27140742.7,1076227.928,9854448.367,1310201.271,15278905.26,16205194.04,11084216.44,27319462.03,train
11/30/24,7351043.8,792458.93,4125677,848564.86,8143502.73,4974241.86,13117744.59,813318.2921,4081636.363,802481.1149,7699211.69,8514167.506,4920095.353,13451022.91,train
12/1/24,7261292.7,707067.35,3961303.2,845741.8,7968360.05,4807045,12775405.05,748416.573,3928550.567,816695.228,7655556.448,8408903.313,4816280.434,13253953.62,train
12/2/24,12171183.3,832533.56,7646857,961719.49,13003716.86,8608576.49,21612293.35,867330.4135,7392456.639,930101.6002,12350447.9,13153762.62,8339097.237,21556544.13,train
12/3/24,7210465.95,653846.99,3213667.6,614893.48,7864312.94,3828561.08,11692874.02,675360.6887,2980606.88,569423.5225,6879160.035,7559686.622,3572817.496,11154063.83,train
12/4/24,2569304.54,199159.87,811530.25,113729.35,2768464.41,925259.6,3693724.01,164983.3719,697796.3827,114599.6258,2013888.982,2169272.182,823601.3459,3036675.23,train
12/5/24,2182038.4,158630.08,853485.15,127206.58,2340668.48,980691.73,3321360.21,144512.0716,1212422.092,132857.73,2072280.189,2195040.556,1322847.994,3547100.097,train
12/6/24,1985795.73,149559.42,900449.45,130867.79,2135355.15,1031317.24,3166672.39,140835.9195,1171489.089,127447.977,1977247.574,2100287.248,1276046.045,3405659.332,train
12/7/24,1959647.14,148083.06,1120533,117177.2,2107730.2,1237710.2,3345440.4,136010.5115,1215539.174,133760.5855,1941096.543,2057023.34,1328910.739,3399968.332,train
12/8/24,2061771,158529.62,1268251.65,167407.82,2220300.62,1435659.47,3655960.09,146670.4076,1366631.046,149573.443,2197537.487,2316859.921,1494852.115,3834398.876,train
12/9/24,2339558.3,183977.24,1338030.45,175391.25,2523535.54,1513421.7,4036957.24,154047.0338,1342390.81,145499.0014,2125440.341,2265192.847,1466874.907,3748629.712,train
12/10/24,2317752.17,185101.55,1363715.8,165451.68,2502853.72,1529167.48,4032021.2,157659.7692,1273820.078,141740.6629,2223881.751,2359983.396,1401865.082,3808757.972,train
12/11/24,3167191.95,211035.93,1508178.85,171171.75,3378227.88,1679350.6,5057578.48,167790.5681,725825.9985,117069.2035,2110653.744,2264320.315,856775.6316,3178805.817,train
12/12/24,2885791.95,217394.02,1586190.65,171231.03,3103185.97,1757421.68,4860607.65,160320.3627,699066.9964,112555.7375,2003573.206,2150530.157,824857.2146,3033045.793,train
12/13/24,2685203.31,182415.37,1606713.2,169889.11,2867618.68,1776602.31,4644220.99,143392.7379,1205602.247,130119.0631,2062578.416,2183419.351,1315726.654,3545167.529,train
12/14/24,2510421.5,153188.12,1717813.45,143339.27,2663609.62,1861152.72,4524762.34,138553.2351,1244214.113,136513.1213,2019848.44,2133825.311,1364088.303,3528946.536,train
12/15/24,2833516.79,183453.58,1843361.2,185372.9,3016970.37,2028734.1,5045704.47,149488.6583,1391343.159,152586.5104,2280833.105,2397988.927,1527505.085,3968022.284,train
12/16/24,2726353.79,170601.3,1845512.25,183371.85,2896955.09,2028884.1,4925839.19,157083.8076,1359323.671,148359.4562,2200181.975,2339106.889,1492149.002,3867516.589,train
12/17/24,2554668.45,147297.15,1666420.75,163092.58,2701965.6,1829513.33,4531478.93,160842.8728,1282994.251,144451.635,2295854.829,2431220.452,1419591.659,3917476.654,train
12/18/24,2533238.59,167127.17,1607047.8,161633.6,2700365.76,1768681.4,4469047.16,141045.449,697443.221,116911.0362,1603297.406,1743083.936,834206.7136,2621189.851,train
12/19/24,2194449.79,132963.28,1378874,107752.55,2327413.07,1486626.55,3814039.62,134822.8263,666455.979,112335.0263,1516654.513,1650390.615,797052.0865,2488082.463,train
12/20/24,1894436.08,97413.7,1183083.85,97001.42,1991849.78,1280085.27,3271935.05,146473.0132,1189048.945,132365.3598,2108587.248,2229997.801,1306460.775,3597533.293,train
12/21/24,2209231.65,90424.35,1176452.6,81283.37,2299656,1257735.97,3557391.97,141582.6543,1217707.597,138774.4719,2057561.192,2172487.992,1344393.238,3562516.955,train
12/22/24,1224606.18,87494.42,609481.35,82321.41,1312100.6,691802.76,2003903.36,89718.79473,598999.055,81471.00224,1245819.058,1318418.287,674157.9635,2019470.625,train
12/23/24,1072174.89,86890.29,454029.55,67352.01,1159065.18,521381.56,1680446.74,98327.77481,505122.8909,81450.47966,1086381.332,1178870.7,579847.5334,1777066.831,train
12/24/24,951621.82,75284.92,413983.25,67465.28,1026906.74,481448.53,1508355.27,89547.38033,426788.329,79491.5967,900893.1052,987280.9528,502560.3117,1511226.121,train
12/25/24,1646574.66,101252.52,735595.1,68358.03,1747827.18,803953.13,2551780.31,144311.2094,662704.696,118486.4696,1609919.924,1752208.022,798695.5665,2592152.872,train
12/26/24,2003673.08,141417.35,815761.1,140718.14,2145090.43,956479.24,3101569.67,137979.6673,630503.3998,113755.7418,1518497.223,1654785.74,760229.6593,2453109.352,train
12/27/24,1695313.58,125509.57,688630.8,107415.09,1820823.15,796045.89,2616869.04,134628.4326,598741.6359,108927.4123,1436162.233,1571145.975,721942.4592,2329548.635,train
12/28/24,1483573,108336.02,604304.55,81018.14,1591909.02,685322.69,2277231.71,130160.4259,610737.1378,114105.25,1397422.046,1526788.853,740311.9039,2300212.566,train
12/29/24,1510051.18,123253.55,607685.55,97084.08,1633304.73,704769.63,2338074.36,140508.4688,675238.6407,127339.929,1567932.182,1706141.3,820159.7532,2565789.373,train
12/30/24,1299911.51,111731.07,484163.35,93559.89,1411642.58,577723.24,1989365.82,147719.1935,652471.2716,123613.5822,1502915.091,1654930.248,792848.2533,2481118.86,train
12/31/24,1146375.05,98218.27,418344.95,93244.83,1244593.32,511589.78,1756183.1,151320.5521,609314.484,120161.2493,1558430.187,1710554.671,746675.5151,2493692.746,train
1/1/25,1524966.75,124243.07,474088.85,106918.16,1649209.82,581007.01,2230216.83,179506.5773,639545.1406,121753.6482,2148588.999,2311338.858,773633.199,3125747.06,train
1/2/25,1610753.43,155778.27,517117.65,124874.55,1766531.7,641992.2,2408523.9,171646.2575,606751.7238,116793.6923,2021424.126,2177931.507,734490.9257,2950914.614,train
1/3/25,1337431.4,158376.51,531361.8,115927.58,1495807.91,647289.38,2143097.29,137943.9477,551206.7014,109560.1603,1407165.325,1545589.472,672086.2091,2248390.504,train
1/4/25,1488503.55,153607.2,539204.35,117142.76,1642110.75,656347.11,2298457.86,133371.9143,560954.0888,114674.0913,1365968.023,1498818.531,687718.8528,2215229.434,train
1/5/25,1523656.15,159236.85,542952.35,130255.39,1682893,673207.74,2356100.74,143978.6396,618934.4685,127872.3264,1529165.971,1671535.786,760440.2765,2465919.116,train
1/6/25,1455835.03,159256.25,468680.25,134035.92,1615091.28,602716.17,2217807.45,151367.7713,597009.7585,124033.8037,1462588.396,1618272.638,733881.2274,2379968.719,train
1/7/25,1433500.6,146134.54,476244.15,132858.43,1579635.14,609102.58,2188737.72,155055.1924,556690.5274,120478.996,1513505.189,1669641.993,690139.3677,2387775.386,train
1/8/25,1451698.88,154737.68,475967.05,116845.11,1606436.56,592812.16,2199248.72,151484.9027,559736.9914,119604.1378,1536656.216,1687049.561,689781.903,2403019.114,train
1/9/25,1364036.01,133959.86,453561.9,100220.35,1497995.87,553782.25,2051778.12,144843.1035,530539.4268,114652.4174,1443091.541,1587140.621,654237.8475,2265241.642,train
1/10/25,1342745.54,130982.19,438054.15,112720.87,1473727.73,550775.02,2024502.75,141323.6451,502190.298,109622.5091,1359198.521,1501423.711,619366.6791,2143321.028,train
1/11/25,1317411.79,146441.65,476434.5,117624.78,1463853.44,594059.28,2057912.72,136626.3884,510877.0988,114668.4519,1317357.112,1454001.703,633448.2039,2109221.239,train
1/12/25,1306839.6,151243.64,508342.15,142987.83,1458083.24,651329.98,2109413.22,147474.9931,563622.8613,127792.2753,1472656.001,1619535.018,700236.2079,2345516.014,train
1/13/25,4227630.91,304843.15,613336,133727.93,4532474.06,747063.93,5279537.99,188225.5959,566931.588,126358.5875,1906537.442,2090837.348,699655.5714,2812501.553,train
1/14/25,3344155.6,311878.35,715505.5,143752.36,3656033.95,859257.86,4515291.81,192782.0499,528874.0101,122677.3642,1970658.531,2155053.692,658075.3375,2819740.662,train
1/15/25,2188408.7,265749.33,592495.55,137600.22,2454158.03,730095.77,3184253.8,155093.998,510379.4167,119354.9409,1474812.943,1629677.822,635521.9345,2280864.008,train
1/16/25,1585929.02,168714.94,468110.2,127217.43,1754643.96,595327.63,2349971.59,148266.949,484218.2641,114369.1036,1383827.78,1532024.539,603155.6232,2149261.104,train
1/17/25,1271885.13,153842.69,407082.2,98309.01,1425727.82,505391.21,1931119.03,144635.7103,458896.0098,109314.8708,1302450.987,1448390.252,571492.5245,2033119.508,train
1/18/25,1240551.4,153417.72,442540.4,125430.16,1393969.12,567970.56,1961939.68,139798.652,467508.4136,114314.3831,1261638.021,1401957.608,585105.5081,2000629.503,train
1/19/25,1367946.5,156816,505049.05,128083.27,1524762.5,633132.32,2157894.82,150864.9024,516641.498,127368.7764,1409767.55,1561001.744,647614.1813,2224941.391,train
1/20/25,1286959.1,155831.12,506696.25,111869.03,1442790.22,618565.28,2061355.5,158548.2446,499370.6534,123458.4504,1346279.199,1509209.424,625880.0585,2146036.62,train
1/21/25,1172158.25,132281.75,424756.8,110975.15,1304440,535731.95,1840171.95,162345.0265,466831.7504,119848.1776,1391357.889,1555391.791,589654.347,2152378.449,train
1/22/25,1414018.71,169143.33,416511,102272.81,1583162.04,518783.81,2101945.85,158538.1995,470799.8391,118919.1819,1411221.584,1570258.934,590668.2398,2166073.109,train
1/23/25,1387472.88,148097.29,434802.8,106913.4,1535570.17,541716.2,2077286.37,151517.215,447783.9154,113951.991,1324332.043,1476364.496,561704.8554,2042444.899,train
1/24/25,1068204.49,125942.19,382785.45,95707.36,1194146.68,478492.81,1672639.49,147763.3445,425502.2003,108923.0317,1246781.162,1396120.631,533364.1591,1933612.466,train
1/25/25,1137475.15,140215.21,425551.3,106569.16,1277690.36,532120.46,1809810.82,142778.4869,434717.81,113918.4887,1208184.872,1351858.867,547325.9017,1904469.406,train
1/26/25,2077094.85,188945.22,519034.5,130464.89,2266040.07,649499.39,2915539.46,187022.7208,502382.3931,129480.0809,1830639.878,2010429.357,628759.4653,2636431.176,train
1/27/25,1569311.35,185098.79,427118.05,120600.86,1754410.14,547718.91,2302129.05,196483.866,487103.1383,125534.8868,1749307.332,1944858.973,609215.6135,2545883.14,train
1/28/25,1432599.25,181637.11,406285.5,112605.83,1614236.36,518891.33,2133127.69,165644.4724,438157.629,119518.5577,1334940.567,1502428.325,555826.468,2056048.423,train
1/29/25,1264646.48,155113.98,423980.2,113281.34,1419760.46,537261.54,1957022,161704.718,443359.4046,118633.9462,1355160.172,1517973.934,558327.7053,2071962.023,train
1/30/25,1312521.57,144744.26,401950.95,113782.58,1457265.83,515733.53,1972999.36,154489.0037,423132.3701,113725.0623,1272943.736,1428450.533,532470.2868,1956560.546,train
1/31/25,1111797.1,151872.18,432520.95,119176.78,1263669.28,551697.73,1815367.01,150897.1289,403959.2578,109098.8054,1199668.592,1352149.289,508372.4853,1857025.873,train
2/1/25,1155129.6,145567.59,436909.15,128532.57,1300697.19,565441.72,1866138.91,146033.3567,414663.8578,114520.4986,1163863.551,1310682.482,524567.8393,1833839.27,train
2/2/25,1317537.15,151368.51,491483.35,130032.82,1468905.66,621516.17,2090421.83,157787.5416,461808.5304,128095.6405,1302782.67,1461736.626,585274.5458,2047080.661,train
2/3/25,1139185.31,133102.63,426035.7,117214.71,1272287.94,543250.41,1815538.35,166024.9983,449915.5294,124660.1199,1246525.871,1415771.654,570268.1507,1982215.386,train
2/4/25,1094399.07,146465.82,463802.65,122566.25,1240864.89,586368.9,1827233.79,170204.5156,423994.1686,121511.8238,1290998.491,1461945.965,541736.4584,1996173.668,train
2/5/25,1201366.26,156536.16,460231,114734.64,1357902.42,574965.64,1932868.06,166409.7952,431092.3374,121077.3688,1312429.663,1479023.993,547246.995,2017345.454,train
2/6/25,1039559.8,147205.77,456002,107279.48,1186765.57,563281.48,1750047.05,159225.6307,413396.3523,116519.5669,1234635.778,1393699.441,524846.7574,1910465.369,train
2/7/25,1075831.97,142163.61,459352,129737.34,1217995.58,589089.34,1807084.92,155459.4839,396077.7886,111867.1702,1165344.408,1321063.147,502639.7273,1816714.263,train
2/8/25,1043825.45,149588.77,489522.35,124884.05,1193414.22,614406.4,1807820.62,150385.7171,408009.0635,117522.5598,1132332.752,1282344.709,520236.011,1797457.688,train
2/9/25,1300608.8,161722.76,483848.35,140669.33,1462331.56,624517.68,2086849.24,197208.466,475412.483,134186.8776,1720553.335,1911951.152,602784.3064,2499769.972,train
2/10/25,1465435.6,203712.98,488416.5,147771.87,1669148.58,636188.37,2305336.95,207414.8688,464737.8841,130702.9165,1648910.498,1854497.706,589063.1604,2425184.121,train
2/11/25,1326183.2,175599.94,421353.06,134741.73,1501783.14,556094.79,2057877.93,175051.7607,421437.3689,125026.2475,1262097.875,1436519.987,542029.5924,1967787.508,train
2/12/25,1205560.57,148537.39,425260.95,115280.94,1354097.96,540541.89,1894639.85,171073.9007,429859.2566,124694.8503,1285136.902,1455409.672,549078.758,1992386.095,train
2/13/25,1099835.76,142702.52,382128,101814.63,1242538.28,483942.63,1726480.91,163615.8881,413479.9422,120114.4948,1210922.186,1373429.087,528032.6515,1890307.304,train
2/14/25,887905.53,140922.7,360938.4,90057.31,1028828.23,450995.71,1479823.94,159674.5283,397323.3074,115429.4858,1144801.593,1303713.204,507011.9532,1800789.405,train
2/15/25,966813.85,138478.88,366273.8,99065.68,1105292.73,465339.48,1570632.21,154393.6322,410438.6413,121382.985,1114139.854,1267289.686,526073.8681,1784832.949,train
2/16/25,1093145.45,144116.79,422916,106299.44,1237262.24,529215.44,1766477.68,166674.377,459902.9126,136020.4032,1251060.423,1417316.875,590122.5908,1999589.027,train
2/17/25,1071047.08,135407.69,416387.3,119525.78,1206454.77,535913.08,1742367.85,175220.4975,450696.0008,132619.2786,1200796.725,1376584.323,577987.9352,1943108.757,train
2/18/25,1100118.96,131120.62,373219.55,116705.74,1231239.58,489925.29,1721164.87,179471.1205,427117.9528,129514.4433,1247505.321,1425407.653,551817.6891,1963582.322,train
2/19/25,1199491.1,142866.12,414203.25,117745.26,1342357.22,531948.51,1874305.73,175311.9564,436587.3229,129297.7968,1272100.1,1445977.998,560094.7271,1991099.344,train
2/20/25,1248224.74,151406.65,440853.1,126863.17,1399631.39,567716.27,1967347.66,167591.5692,420774.6418,124669.5039,1200290.795,1366183.868,539605.1893,1891753.672,train
2/21/25,1432271.15,171178.73,434329,120960.29,1603449.88,555289.29,2158739.17,163478.4994,405048.4415,119921.9588,1136244.94,1298334.302,518983.6864,1804552.608,train
2/22/25,1308239.1,160492.68,444280.25,127552.56,1468731.78,571832.81,2040564.59,157998.2435,419077.3781,126226.3933,1107193.631,1263440.348,539301.7078,1790762.596,train
2/23/25,2021212.9,180024.09,523773.1,158855.68,2201236.99,682628.78,2883865.77,207000.6803,490276.3206,144399.8541,1686963.385,1888307.746,627195.5726,2497521.408,train
2/24/25,1570570.45,221009.07,459281,141286.13,1791579.52,600567.13,2392146.65,217513.0692,481023.9628,140916.3737,1620964.122,1835787.96,615010.2292,2429472.61,train
2/25/25,1234415.89,166504.92,396849,127661.03,1400920.81,524510.03,1925430.84,183404.6095,437640.4464,135047.1014,1243809.558,1425140.887,567659.4509,1976182.932,train
2/26/25,1230921.03,179860.93,379298.5,141386.61,1410781.96,520685.11,1931467.07,179070.9623,447682.1853,134935.3271,1269508.958,1446860.717,576639.943,2005502.859,train
2/27/25,1181872.4,169813.49,380589.55,121067.96,1351685.89,501657.51,1853343.4,171105.6156,431705.0163,130211.002,1198849.602,1367995.104,555895.7607,1906769.892,train
2/28/25,1047043.27,162142.64,365706.55,136664.3,1209185.91,502370.85,1711556.76,166829.1396,415712.6469,125349.6284,1135725.285,1300873.529,534894.0041,1819938.191,train
3/1/25,1194423.7,171784.43,467690.2,145444.41,1366208.13,613134.61,1979342.74,161162.3592,430169.5092,132036.4899,1107404.281,1266596.316,555988.0498,1806873.77,train
3/2/25,1360954.55,170659.59,516809.4,160961.98,1531614.14,677771.38,2209385.52,173820.8617,482641.1793,148198.212,1245643.311,1418633.645,624569.6658,2027279.327,train
3/3/25,1147625.39,178077.94,458360.65,147677.16,1325703.33,606037.81,1931741.14,182565.2324,473405.3774,144716.608,1197447.343,1379673.089,612388.762,1972497.674,train
3/4/25,1139793.35,180594.08,449722.75,154146.8,1320387.43,603869.55,1924256.98,186822.6546,448862.7566,141536.9938,1245721.409,1430241.705,585091.1401,1995341.819,train
3/5/25,1217552.69,182785.23,422330.55,133478.51,1400337.92,555809.06,1956146.98,182326.7604,458859.2037,141497.0906,1271772.343,1452292.489,594099.2204,2024934.452,train
3/6/25,1190736.95,161074.23,418860.65,142608.74,1351811.18,561469.39,1913280.57,174139.5855,442108.5029,136610.2481,1201158.796,1373242.55,572393.1884,1925009.102,train
3/7/25,1069286.73,153596.22,421310.75,123015.55,1222882.95,544326.3,1767209.25,169713.1222,425293.2319,131567.324,1137959.507,1305848.832,550358.7549,1836910.341,train
3/8/25,1336724.8,185429.01,478002.2,140533.16,1522153.81,618535.36,2140689.17,163877.7206,439554.4325,138638.2567,1109515.872,1271309.541,571548.5976,1823084.88,train
3/9/25,1530548.15,200814.73,473748.45,166765.53,1731362.88,640513.98,2371876.86,214514.2599,513493.8764,158759.0309,1691159.152,1900558.166,664066.9807,2542315.694,train
3/10/25,1368686.24,216489.18,443043.05,155018.9,1585175.42,598061.95,2183237.37,225211.6558,502899.0752,155069.071,1625305.154,1847840.494,650340.3409,2472211.945,train
3/11/25,1164138.4,193871.24,404923.3,163410.64,1358009.64,568333.94,1926343.58,189732.4897,456563.0357,148727.9017,1247131.713,1434351.426,599324.078,2009823.389,train
3/12/25,1107228.87,182469.88,406198.3,143362.4,1289698.75,549560.7,1839259.45,185092.0933,465884.0072,148705.1659,1272641.876,1455805.66,607665.789,2038058.901,train
3/13/25,1278809.4,190359.97,401072,147246.15,1469169.37,548318.15,2017487.52,176711.162,448004.1352,143578.5525,1201333.224,1375829.034,584541.7646,1935808.972,train
3/14/25,1177828.4,176134.14,404158.5,149530.37,1353962.54,553688.87,1907651.41,172153.1243,431671.004,138360.8464,1139613.785,1310016.529,563257.058,1851636.721,train
3/15/25,1016036.55,157661.5,403446.4,149906.24,1173698.05,553352.64,1727050.69,166171.5372,446828.858,145874.1161,1112490.318,1276937.33,586150.0536,1841942.43,train
3/16/25,1204204.2,190295.61,462878.5,163783.89,1394499.81,626662.39,2021162.2,179082.0915,501364.2432,163857.4747,1252598.317,1431599.256,659056.9512,2070278.139,train
3/17/25,1146922.19,183118.28,419056.85,143668.66,1330040.47,562725.51,1892765.98,187946.0833,491681.2454,160112.3853,1205113.19,1393413.612,646649.8721,2017530.993,train
3/18/25,1010000.1,168004.09,382432.15,134275.43,1178004.19,516707.58,1694711.77,192184.2863,466002.8533,156676.3411,1254509.511,1445445.322,618121.6412,2043787.216,train
3/19/25,1043015.65,162283.13,382439.75,146970.28,1205298.78,529410.03,1734708.81,187421.9888,476092.5652,156693.5567,1281373.63,1468498.979,627818.3227,2076704.314,train
3/20/25,960081.85,159815.73,378866.95,133404.81,1119897.58,512271.76,1632169.34,178878.6653,458352.6945,151321.3496,1210641.939,1389109.846,604948.0406,1976411.497,train
3/21/25,944225.78,155025.64,393574.1,121381.35,1099251.42,514955.45,1614206.87,174211.5532,440504.3797,145754.3098,1147177.226,1321290.27,581634.6717,1887792.092,train
3/22/25,882686.94,149000.33,421840.7,147904.47,1031687.27,569745.17,1601432.44,168109.3858,454786.086,153587.6223,1118586.257,1286538.667,603919.2581,1875170.85,train
3/23/25,1806434.35,248652.11,559317.35,171326.21,2055086.46,730643.56,2785730.02,219912.1249,530657.8707,175855.1427,1704908.437,1923416.49,701468.1109,2616874.658,train
3/24/25,1454333.97,223885.82,521745.75,169391.45,1678219.79,691137.2,2369356.99,230736.196,519047.8427,171723.4993,1638269.091,1869976.396,686696.3417,2546338.673,train
3/25/25,1168335.94,184713.48,445556.85,166110.51,1353049.42,611667.36,1964716.78,194271.7833,470594.8919,164637.9891,1256766.126,1451343.186,632528.5427,2071232.533,train
3/26/25,1166226.16,176662.85,446883.55,153913.82,1342889.01,600797.37,1943686.38,189413.4061,479542.5901,164529.1334,1282045.272,1472749.964,640992.0839,2101346.79,train
3/27/25,1239783.6,192168.63,430232.75,153993.56,1431952.23,584226.31,2016178.54,180739.7599,460497.8594,158756.9457,1209717.875,1391471.083,616249.78,1996775.484,train
3/28/25,986072.43,154562.66,406288.55,160302.3,1140635.09,566590.85,1707225.94,175988.3376,441458.4783,152781.78,1144817.626,1321952.959,591181.4303,1904306.886,train
3/29/25,1081958.4,165445.78,430027.75,159228.07,1247404.18,589255.82,1836660,169792.1457,454656.1698,160842.8669,1114838.986,1285645.87,612487.2892,1888686.192,train
3/30/25,1262115.45,190222.75,481431.9,158250.62,1452338.2,639682.52,2092020.72,182901.8541,507602.1729,180387.6147,1252131.219,1438049.8,685638.326,2116457.241,train
3/31/25,1118351.83,202664.5,445917.95,164497.95,1321016.33,610415.9,1931432.23,191874.6116,495353.1964,175968.8546,1201651.004,1396453.433,669797.1833,2056358.154,train
4/1/25,1177123.1,207792.16,455329,169597.45,1384915.26,624926.45,2009841.71,196125.4404,467222.159,171885.8654,1247765.338,1445241.468,637494.3364,2076915.55,train
4/2/25,1140941.87,212698.13,474347.9,149054.54,1353640,623402.44,1977042.44,191197.4858,475095.7426,171581.8228,1271290.175,1464900.839,644761.142,2104143.834,train
4/3/25,1070735.29,190531.57,438494.95,166118.58,1261266.86,604613.53,1865880.39,182423.045,455307.1302,165372.5821,1198123.489,1382533.162,618710.3036,1996708.682,train
4/4/25,926895.24,165452.78,437894.2,154124.74,1092348.02,592018.94,1684366.96,177611.7614,435650.4399,158960.7776,1132519.761,1312064.36,592479.4305,1901747.735,train
4/5/25,1033013.5,173500.23,440861.4,144721.15,1206513.73,585582.55,1792096.28,171346.2323,447872.6875,167145.4717,1101620.32,1274723.879,612790.4201,1883785.833,train
4/6/25,2018933.75,244398.04,477972.25,164036.43,2263331.79,642008.68,2905340.47,224095.8903,520481.3247,190954.7335,1675072.867,1901630.838,709111.001,2621812.172,train
4/7/25,1679810.4,226677.66,550582.55,182592.39,1906488.06,733174.94,2639663,235080.675,507144.4191,186042.3828,1605891.236,1844915.413,691693.4669,2544509.717,train
4/8/25,1408950.57,198949.43,467394.8,172505.75,1607900,639900.55,2247800.55,197898.1755,458144.2198,177947.3831,1229183.047,1428993.486,634961.0742,2064583.62,train
4/9/25,1368506.2,214988.06,469661.85,165584.48,1583494.26,635246.33,2218740.59,192924.7675,465281.5809,177402.2641,1251221.87,1447256.756,641384.6642,2089624.216,train
4/10/25,1218848.86,219558.47,472355.7,161193.38,1438407.33,633549.08,2071956.41,184073.1635,445408.2312,170758.4506,1178219.171,1364859.405,614762.7964,1981172.215,train
4/11/25,1125292.95,174507.05,425335.6,165452.74,1299800,590788.34,1890588.34,179223.2575,425770.416,163921.3204,1112847.674,1294408.955,588094.4009,1885438.487,train
4/12/25,1095355.61,168924.42,478354.25,175675.1,1264280.03,654029.35,1918309.38,172908.3021,437361.8976,172133.0925,1081731.304,1256802.085,607705.9524,1866300.111,train
4/13/25,1268323.1,203670.41,511361,212082.62,1471993.51,723443.62,2195437.13,186259.325,487163.1048,192555.2249,1212883.44,1403657.411,678672.0495,2087588.05,train
4/14/25,1110654,208160.02,478041.75,186853.75,1318814.02,664895.5,1983709.52,195403.7048,474441.5746,187353.095,1162163.213,1361162.804,661573.5072,2024968.601,train
4/15/25,2264181.2,276899.45,529783.3,187102.36,2541080.65,716885.66,3257966.31,242527.1765,465764.72,186167.3425,1633183.71,1878278.214,650704.4394,2539411.277,train
4/16/25,1946657.85,287446.4,646773.4,202449.71,2234104.25,849223.11,3083327.36,236456.1745,472928.1756,185353.6831,1661845.392,1901699.465,657031.8468,2569350.256,train
4/17/25,1415352.7,259891.24,613145.5,218017.65,1675243.94,831163.15,2506407.09,185832.0617,434196.1905,174699.4361,1154314.811,1343086.134,608084.7224,1958562.405,train
4/18/25,1316832.33,213306.46,512342.8,198362.42,1530138.79,710705.22,2240844.01,180958.9353,415096.531,167489.3161,1090050.245,1273574.306,581629.8297,1863662.374,train
4/19/25,1203537.5,209661.26,458692.3,204124.7,1413198.76,662817,2076015.76,174607.2889,426505.1684,175657.5147,1059450.633,1236494.06,601023.3495,1844669.944,train
4/20/25,1167047.84,208146.06,412254.85,202624.08,1375193.9,614878.93,1990072.83,188118.0638,475258.5314,196253.8322,1187870.098,1381001.711,671290.1294,2063510.729,train
4/21/25,1223904.02,216714.4,511749.1,220405.18,1440618.42,732154.28,2172772.7,197385.8628,463096.1672,190719.6244,1138265.317,1339326.911,654536.5846,2001921.141,train
4/22/25,1112759.45,195836.13,441071.35,176968.88,1308595.58,618040.23,1926635.81,201807.1693,436329.2621,185589.7402,1180436.158,1384628.255,622011.1165,2019449.03,train
4/23/25,1157751.4,180359.05,476538.3,166332.7,1338110.45,642871,1980981.45,196791.5201,443395.4038,184565.1914,1201432.805,1402259.953,628359.4718,2043957.747,train
4/24/25,1522768.9,282303.49,475160.65,218489.1,1805072.39,693649.75,2498722.14,187820.1759,424831.5339,177223.6308,1131368.898,1322573.79,602476.6568,1938256.996,train
4/26/25,27435700.85,4329658.09,4664685.8,2045922.63,31765358.94,6710608.43,38475967.37,2297588.999,3144358.288,972724.4194,17829567.48,20283479.22,4299055.941,24968718.72,train
4/27/25,14799217.93,2484805.65,3688074.9,1620612.39,17284023.58,5308687.29,22592710.87,1847507.277,2850296.182,1092660.188,11464719.46,13341177.9,4010360.269,17553673.7,train
4/28/25,10801059.65,1891566.42,3418977.7,1558207.79,12692626.07,4977185.49,17669811.56,2283168.983,4123372.058,1849978.293,11765903.39,14048217.54,5963701.252,20123168.75,train
4/29/25,8568546.58,1495390.98,2839263,1224542.83,10063937.56,4063805.83,14127743.39,1475982.432,3034923.17,1275627.353,7944302.712,9419272.987,4325363.628,13803273.39,train
4/30/25,8419094.06,1326229.36,2796926.8,1134756.01,9745323.42,3931682.81,13677006.23,1307244.247,2824412.207,1173637.897,7521876.403,8830599.29,4009009.132,12898677.87,train
5/1/25,8797551.93,1572927.15,2849864.4,1270350.21,10370479.08,4120214.61,14490693.69,1434296.161,2780457.201,1156239.756,7748954.585,9166621.065,3964314.444,13208041,train
5/2/25,13471334.68,2333328.59,4295100,1806412.9,15804663.27,6101512.9,21906176.17,1903243.061,3629724.082,1619790.982,10352180.52,12243236.97,5231222.804,17568012.39,train
5/3/25,1023340.44,208684.41,403486.05,187139.83,1232024.85,590625.88,1822650.73,178792.9112,402764.8,178931.7828,1015189.556,1194333.841,580316.4479,1782462.245,train
5/4/25,1952984.85,240226.33,474190.5,196281.09,2193211.18,670471.59,2863682.77,233990.5375,467868.1308,203561.2564,1543411.077,1781340.292,670579.4146,2477867.828,train
5/5/25,1709468.37,214817.45,546438.05,191611.58,1924285.82,738049.63,2662335.45,245631.6427,455887.3829,197517.3228,1479864.001,1728323.356,653431.0945,2402727.896,train
5/6/25,1396297.28,205030.29,495784,176739.51,1601327.57,672523.51,2273851.08,206930.9073,412014.8258,188180.5293,1133188.722,1339123.718,599437.1129,1948448.893,train
5/7/25,1419196.81,189094.78,541790.1,178791.53,1608291.59,720581.63,2328873.22,201883.023,418772.838,186894.8858,1154300.452,1357027.819,605310.746,1971552.6,train
5/8/25,1288775.61,199468.75,475184.7,166863.39,1488244.36,642048.09,2130292.45,192770.8966,401355.9825,179244.1814,1087988.717,1280828.042,580197.1468,1869254.722,train
5/9/25,1043315.45,174137.16,437085.65,158001.3,1217452.61,595086.95,1812539.56,187842.7013,384239.22,171473.1495,1028864.685,1216009.498,555213.0714,1779432.56,train
5/10/25,976787.52,172052.48,437061.75,170197.28,1148840,607259.03,1756099.03,181373.3282,395417.808,179473.2201,1001547.839,1182205.625,574087.6813,1762318.035,train
5/11/25,1108720.28,194320.68,455873.5,195015.02,1303040.96,650888.52,1953929.48,195542.2987,441368.3319,200145.2671,1124867.237,1322333.335,641704.2294,1972810.853,train
5/12/25,1060559.28,202313.62,466949.95,184273.86,1262872.9,651223.81,1914096.71,205317.9804,430854.9994,194173.0148,1079875.12,1284491.15,626255.5693,1915552.481,train
5/13/25,1036403.82,184280.18,424321.05,164862.53,1220684,589183.58,1809867.58,210062.7199,406725.8336,188663.2469,1122071.871,1330215.431,595738.2186,1934180.265,train
5/14/25,1204259.32,200898.4,420941.8,159908.83,1405157.72,580850.63,1986008.35,204984.0939,414127.6686,187369.0311,1144379.551,1349591.504,602480.5431,1959723.074,train
5/15/25,1137635.38,195589.27,399297.9,178297.11,1333224.65,577595.01,1910819.66,195774.7065,397587.8359,179705.0261,1079954.065,1275303.651,578338.1484,1860491.819,train
5/16/25,980147.01,185187.74,379993.7,154720.8,1165334.75,534714.5,1700049.25,190810.4105,381268.1353,171930.4678,1022500.285,1212170.516,554234.8351,1773397.02,train
5/17/25,959678.27,172002.57,379658.85,164034.28,1131680.84,543693.13,1675373.97,184277.1793,392993.7547,179980.0987,996537.3282,1179821.972,573884.0319,1758587.108,train
5/18/25,1514462.2,228707.29,432668.15,191649.47,1743169.49,624317.62,2367487.11,241273.3212,458074.5782,204754.1805,1518669.272,1763736.701,665078.5331,2451009.688,train
5/19/25,1223675.33,238762.17,434936.75,208717.58,1462437.5,643654.33,2106091.83,253385.1966,447826.3536,198699.3968,1459589.29,1715142.594,649924.1213,2382771.935,train
5/20/25,1068393.25,198462.84,397257.65,161648.41,1266856.09,558906.06,1825762.15,213552.2462,406031.3294,189353.0806,1120278.892,1331902.824,597886.2357,1937140.612,train
5/21/25,1187747.92,212705.93,423192,180580.94,1400453.85,603772.94,2004226.79,208428.0499,413971.075,188128.0399,1143777.094,1352700.083,605386.6174,1964960.155,train
5/22/25,1006301.65,186563.34,377611.7,172235.15,1192864.99,549846.85,1742711.84,199099.8881,397934.3762,180514.0662,1080500.68,1279514.088,581798.7421,1867506.321,train
5/23/25,970793.12,187153.58,392180.9,184386.36,1157946.7,576567.26,1734513.96,194085.2633,382045.2077,172791.6151,1024029.906,1217333.638,558160.3989,1781945.676,train
5/24/25,867716.44,180149.5,372070.5,188522.55,1047865.94,560593.05,1608458.99,187471.7404,394219.2937,180982.4964,998968.2548,1185925.952,578542.9259,1768821.656,train
5/25/25,1034358.25,203799.01,399397,196031.85,1238157.26,595428.85,1833586.11,202191.4207,441148.9116,201995.4029,1124281.937,1329130.491,648190.9924,1984431.762,train
5/26/25,1043193.95,202055.75,464203.2,194951.33,1245249.7,659154.53,1904404.23,212375.3693,431666.5547,196151.7041,1081450.248,1293561.529,633986.9767,1930886.499,train
5/27/25,1069670,180827.64,363257,176384.84,1250497.64,539641.84,1790139.48,217358.6623,408395.1479,190785.0007,1125834.966,1342058.974,604355.3127,1953573.578,train
5/28/25,986814.58,173788.06,392374.75,169058.61,1160602.64,561433.36,1722036,212175.2634,416678.3367,189694.124,1150282.169,1363977.942,612397.6668,1983139.529,train
5/29/25,1046443.95,183021.86,378886.45,180850.05,1229465.81,559736.5,1789202.31,202709.3666,400785.8641,182162.7448,1087367.799,1291021.295,588938.3083,1886103.032,train
5/30/25,896257.72,151598.37,394442.05,174956.54,1047856.09,569398.59,1617254.68,197632.4437,384987.099,174517.1853,1031159.578,1229010.569,565355.8072,1800835.709,train
5/31/25,952430,161995.53,356950.15,173071.42,1114425.53,530021.57,1644447.1,190925.2122,397430.1806,182951.9977,1006467.276,1197942.473,586319.089,1788595.854,train
6/1/25,1767463.3,263410.22,425659.15,222706.76,2030873.52,648365.91,2679239.43,250053.844,463867.5739,208455.1148,1535902.458,1793224.862,680465.3697,2496444.985,train
6/2/25,1286850.91,261857.09,425755.6,207753.37,1548708,633508.97,2182216.97,262685.0687,454018.5706,202619.7035,1478001.092,1745964.553,665825.2837,2430163.609,train
6/3/25,1155761.8,256437.45,384946.6,243333.56,1412199.25,628280.16,2040479.41,221455.3002,412053.9325,193419.1529,1135696.105,1357355.538,613228.5969,1978048.82,train
6/4/25,1070948.06,219841.08,394697.6,214079.08,1290789.14,608776.68,1899565.82,216204.257,420456.2526,192511.899,1160691.355,1379937.764,621563.2274,2008624.924,train
6/5/25,1000699.05,205376.89,366480.7,208377.38,1206075.94,574858.08,1780934.02,206587.5516,404432.5799,185065.4405,1097455.207,1306443.367,597884.7775,1910833.397,train
6/6/25,1012296.94,192459.4,390585.35,156260.8,1204756.34,546846.15,1751602.49,201442.1077,388475.0098,177491.9772,1040896.884,1243922.171,574038.5053,1824809.627,train
6/7/25,959877,196461.04,379803.05,187619.22,1156338.04,567422.27,1723760.31,194633.7769,400988.8653,186279.1408,1016078.259,1212634.637,595390.3526,1812662.155,train
6/8/25,1177315.93,213718.34,425661.3,212372.93,1391034.27,638034.23,2029068.5,209976.467,448808.7022,208338.1274,1144138.78,1359815.741,667425.0513,2034824.73,train
6/9/25,1702082.72,320769.97,524138.1,269370.13,2022852.69,793508.23,2816360.92,220617.043,439182.5022,202742.7022,1100997.758,1324011.038,653077.5848,1980866.274,train
6/10/25,1283400.91,308324.59,441415.6,238665.25,1591725.5,680080.85,2271806.35,225860.9337,415470.8041,197627.644,1146517.201,1374109.3,622753.4649,2004873.018,train
6/11/25,1564557.5,271954.38,439752.7,230557.8,1836511.88,670310.5,2506822.38,220541.9314,423809.8266,196938.3521,1171620.963,1396872.052,631181.4685,2035738.594,train
6/12/25,1069316.63,222226.91,392253.55,186097.74,1291543.54,578351.29,1869894.83,210768.7795,407515.3141,189552.6101,1107614.87,1322325.408,607083.3501,1936425.822,train
6/13/25,990241.53,196457.66,382140.8,180382.64,1186699.19,562523.44,1749222.63,205556.5537,391286.727,182020.8807,1050321.844,1258850.444,582804.2126,1848986.369,train
6/14/25,1063182.85,208906.02,395196.95,180768.11,1272088.87,575965.06,1848053.93,198647.1765,403727.2642,191271.4613,1025031.662,1226953.524,604401.4278,1836352.604,train
6/15/25,1892561.68,282065.56,404904.85,199313.36,2174627.24,604218.21,2778845.45,260258.4791,470939.9985,218459.5291,1563874.001,1836381.591,701391.3702,2562790.02,train
6/16/25,1603298.15,287161.13,438679.15,221119.44,1890459.28,659798.59,2550257.87,273505.5033,460639.1706,212862.5112,1504442.279,1787576.414,686205.3615,2494248.419,train
6/17/25,1243279.21,236337.82,415242.15,189106.84,1479617.03,604348.99,2083966.02,230666.2329,417766.6938,203698.543,1155555.147,1389285.793,631882.6747,2029661.554,train
6/18/25,1148615.21,214025.11,416942.25,173553.04,1362640.32,590495.29,1953135.61,225288.072,425966.5057,203248.3737,1180432.992,1411877.436,640331.3732,2060348.014,train
6/19/25,1226235.22,191140.5,436525.65,167082.01,1417375.72,603607.66,2020983.38,215359.3448,409414.9418,195877.3772,1115524.444,1336107.803,615789.1976,1959277.512,train
6/20/25,1035146.43,188375.62,404876,162036.36,1223522.05,566912.36,1790434.41,210090.2382,392949.9843,188336.2101,1057408.687,1271553.781,591078.1609,1870260.423,train
6/21/25,985770.5,184158.43,360012.9,188705.38,1169928.93,548718.28,1718647.21,203086.5297,405286.8773,198162.0429,1031535.22,1238918.534,612905.8521,1856934.537,train
6/22/25,1306417.35,223202.76,430586.85,227635.06,1529620.11,658221.91,2187842.02,219206.2132,453265.4325,222192.5533,1160753.526,1388507.739,686887.9165,2083481.62,train
6/23/25,1081289.27,208204.82,400248.75,205831.8,1289494.09,606080.55,1895574.64,230437.6546,443208.5365,216776.5164,1116191.541,1351148.778,671966.1079,2027180.765,train
6/24/25,995168.77,186224.74,383788.35,224424.99,1181393.51,608213.34,1789606.85,236048.4925,418978.272,211846.4084,1161487.221,1401418.277,640634.3412,2050664.295,train
6/25/25,1191005.85,230671.83,439348.5,216232.93,1421677.68,655581.43,2077259.11,230627.6131,427101.8146,211645.34,1186034.193,1423749.087,649196.7913,2081133.06,train
6/26/25,1003484.97,208304.06,413353.85,210596.81,1211789.03,623950.66,1835739.69,220547.1269,410431.2513,204225.6323,1120401.849,1346929.105,624337.3492,1978575.501,train
6/27/25,983630.65,185893.11,431445.45,203017.43,1169523.76,634462.88,1803986.64,215237.0633,393875.87,196607.1616,1061659.543,1281483.956,599331.9246,1888283.387,train
6/28/25,962083.35,181252.82,389391.55,210480.84,1143336.17,599872.39,1743208.56,208149.2965,406215.5493,207119.0447,1035344.691,1248264.744,621545.1665,1874489.245,train
6/29/25,1324400.25,243847.12,421868.75,236948.93,1568247.37,658817.68,2227065.05,272910.9714,473673.5983,237151.1622,1578502.639,1867204.136,721344.1866,2614862.699,train
6/30/25,1212384.15,263499.57,417196.55,214333.78,1475883.72,631530.33,2107414.05,287027.1743,463195.9368,231648.326,1517504.718,1816595.56,705841.2063,2543922.597,train
7/1/25,1154063.79,239623.64,435641.25,240421.04,1393687.43,676062.29,2069749.72,242269.9385,420026.7921,222220.2128,1164863.974,1411133.686,650128.4993,2069374.545,train
7/2/25,1281628.63,274379.18,397855.9,231216.81,1556007.81,629072.71,2185080.52,236826.5226,428262.9616,222268.0095,1189265.442,1433435.828,659051.5469,2100070.171,train
7/3/25,1008786.15,254855.33,446226.9,216221.69,1263641.48,662448.59,1926090.07,226595.3026,411667.3324,214721.5906,1123300.929,1355978.16,634078.6619,1996625.916,train
7/4/25,798164.9,211705.59,386128.95,215223.82,1009870.49,601352.77,1611223.26,221261.9585,395208.4437,206944.0081,1064313.834,1290043.797,608974.901,1905650.615,train
7/5/25,823003.6,209330.05,387053.7,247514.33,1032333.65,634568.03,1666901.68,214098.95,407773.1936,218248.8079,1037897.287,1256616.573,631888.6864,1891969.303,train
7/6/25,1122765.2,261566.06,453421.15,287037.92,1384331.26,740459.07,2124790.33,231333.0904,456287.8139,245277.0292,1167590.999,1408099.874,708721.4654,2122863.269,train
7/7/25,1002803.95,262112.54,451914.25,231092.86,1264916.49,683007.11,1947923.6,243449.4627,446466.6499,239838.0199,1122560.735,1370096.307,693955.8407,2065764.048,train
7/8/25,1058202.53,245785.87,419908.25,254859.99,1303988.4,674768.24,1978756.64,249658.3132,422408.4919,234901.9378,1168015.932,1421080.708,662280.8712,2090171.601,train
7/9/25,1061076.35,235167.74,429517.15,228995.53,1296244.09,658512.68,1954756.77,244210.5194,431021.5938,235187.4014,1192724.575,1443876.856,671907.0586,2121932.421,train
7/10/25,961007.95,214957.28,452590.45,222141.62,1175965.23,674732.07,1850697.3,233819.8426,414668.3913,227423.0661,1126868.316,1366255.819,647003.2629,2018252.553,train
7/11/25,863059.15,211527.63,374145.95,214699.54,1074586.78,588845.49,1663432.27,228476.8815,398454.6757,219391.8575,1068048.224,1300282.858,621959.5259,1927211.887,train
7/12/25,870203.69,211053.37,386207.1,208039.1,1081257.06,594246.2,1675503.26,221239.865,411529.0818,231587.461,1041953.782,1267118.395,645992.6557,1914405.58,train
7/13/25,2958332.15,371855.35,517015.3,275954.89,3330187.5,792970.19,4123157.69,290462.5665,480631.0022,265686.8158,1589351.219,1896434.994,750946.8548,2672628.8,train
7/14/25,2200206.47,386704.45,572851.65,277519.75,2586910.92,850371.4,3437282.32,305907.3841,470813.0191,260015.1207,1528868.319,1846252.234,736098.046,2602453.016,train
7/15/25,1432433.9,275970.3,473447.7,254762.21,1708404.2,728209.91,2436614.11,258571.5017,427732.4605,249891.5848,1174453.998,1435288.976,679263.491,2119131.805,train
7/16/25,1266306.85,243383.48,489718.8,239852.58,1509690.33,729571.38,2239261.71,253128.6648,436993.5411,250389.801,1200096.74,1459285.117,689946.0265,2152994.603,train
7/17/25,1043421.3,209443.62,435822.4,220384.37,1252864.92,656206.77,1909071.69,242553.0092,420954.3234,242303.1369,1134661.724,1381840.23,665180.1224,2049490.837,train
7/18/25,913181.6,212939.26,426940.15,219353.56,1126120.86,646293.71,1772414.57,237203.6319,405032.8032,233911.1577,1076289.105,1316149.691,640231.0587,1958762.211,train
7/19/25,923849.87,194544.74,389119.25,229365.43,1118394.61,618484.68,1736879.29,229879.921,418613.3958,246657.9509,1050892.538,1283664.06,665066.4861,1947554.089,train
7/20/25,1554325.4,284009.94,483687.05,255308.99,1838335.34,738996.04,2577331.38,302058.1435,489259.7095,282672.0363,1604454.83,1922928.268,773249.963,2721559.101,train
7/21/25,1433493.8,309319.19,504446.2,283285.41,1742812.99,787731.61,2530544.6,318387.8983,479625.2722,276329.3124,1544899.966,1873830.296,758101.6873,2652798.962,train
7/22/25,1135735.35,255466.25,419561.35,257790.47,1391201.6,677351.82,2068553.42,269349.5363,436073.3178,265263.7019,1187989.544,1458191.788,699707.3452,2162414.26,train
7/23/25,1337885.45,252224.7,461329.7,287482.93,1590110.15,748812.63,2338922.78,263905.1608,445862.1969,265474.381,1215238.312,1484130.806,710856.938,2199372.526,train
7/24/25,1087634.07,240514.11,427296.45,234298.38,1328148.18,661594.83,1989743.01,253096.0871,429833.5442,256582.1171,1150272.987,1406908.266,685480.4381,2095995.559,train
7/25/25,1121727.3,254721.49,449371.5,225921.65,1376448.79,675293.15,2051741.94,247726.6488,413897.9355,247377.8808,1092375.222,1341549.703,659900.0891,2005516.552,train
7/26/25,995954.25,229931.99,417748.6,224844.26,1225886.24,642592.86,1868479.1,240283.89,428391.6669,260956.591,1067890.809,1309972.858,686400.9106,1996382.634,train
7/27/25,1147162.5,258092.27,483277.3,275653.52,1405254.77,758930.82,2164185.59,260257.2339,480895.8266,293313.1134,1204492.052,1471687.641,771785.1736,2246219.539,train
7/28/25,1176764.85,290393.38,443844.65,289146.23,1467158.23,732990.88,2200149.11,274560.2444,472081.9917,286813.4703,1161264.416,1435881.185,757625.3668,2192103.633,train
7/29/25,1214918.6,305880.12,439941,278741.1,1520798.72,718682.1,2239480.82,282257.4616,448121.1279,280881.1043,1211830.769,1493587.334,724899.5075,2224629.96,train
7/30/25,1261542.45,281929.12,465093.6,285755.26,1543471.57,750848.86,2294320.43,276782.7208,458781.1845,281158.201,1241267.267,1522096.029,737329.1243,2265392.01,train
7/31/25,1292840.48,274358.83,466824.15,289101.6,1567199.31,755925.75,2323125.06,265664.5361,442845.0565,271779.8704,1176483.804,1444759.085,711821.7944,2161517.22,train
8/1/25,1178726.6,316193.56,468656.55,318933.82,1494920.16,787590.37,2282510.53,260238.8851,426938.6599,262055.6897,1118774.039,1379430.552,686005.7564,2070684.857,train
8/2/25,1101211.75,284003.57,470311.4,321464.58,1385215.32,791775.98,2176991.3,252620.5931,442389.5755,276453.2109,1095178.233,1348714.848,714289.5015,2063688.429,train
8/3/25,2379980.95,393932.36,551864.7,336666.89,2773913.31,888531.59,3662444.9,332480.5216,518330.3918,316921.9694,1676416.154,2025438.866,832355.9546,2890631.892,train
8/4/25,2064841.55,380698.17,624432.35,358133.92,2445539.72,982566.27,3428105.99,351018.1182,509327.6414,309883.2286,1618425.953,1978711.295,817810.7148,2824185.287,train
8/5/25,1604053.55,331545.65,551077.85,335412.04,1935599.2,886489.89,2822089.09,297422.6931,464118.4355,297514.8802,1247811.136,1543715.861,756359.9879,2307438.934,train
8/6/25,1292311.55,288909.93,539574.55,327734.96,1581221.48,867309.51,2448530.99,291861.1854,475536.6932,297763.1264,1279800.743,1575162.492,769885.8197,2352211.888,train
8/7/25,1296489.93,276949.04,493809.85,303660.9,1573438.97,797470.75,2370909.72,280329.2342,459337.3481,287772.5856,1214570.112,1496975.847,743722.9289,2246639.524,train
8/8/25,1151173.22,257966.38,520519.8,306117.4,1409139.6,826637.2,2235776.8,274784.5346,443099.285,277405.8307,1156446.411,1431008.999,717135.5167,2154313.88,train
8/9/25,1182481.45,233871.27,530875.6,300872.69,1416352.72,831748.29,2248101.01,266907.7108,459354.4699,292557.5515,1133440.911,1400782.161,747029.8686,2148996.891,train
8/10/25,1390015.35,310834.47,584939.8,330086.56,1700849.82,915026.36,2615876.18,289490.7532,516386.352,328714.789,1281668.812,1577531.866,841044.9227,2422804.769,train
8/11/25,1151958.05,268345.18,532442.3,331659.42,1420303.23,864101.72,2284404.95,305803.0035,507540.7194,321283.3923,1238738.032,1542808.681,826534.9668,2368982.867,train
8/12/25,1176470.25,273349.29,523617.35,321481.81,1449819.54,845099.16,2294918.7,314772.5123,482266.4633,314462.1082,1295801.955,1608524.09,791563.6513,2408514.269,train
8/13/25,1163029.35,295660.14,527066.95,379888.45,1458689.49,906955.4,2365644.89,309037.3762,494128.4799,314564.4566,1330385.072,1642896.446,805720.6066,2456841.446,train
8/14/25,1106980.49,254390.25,525662.25,353999.92,1361370.74,879662.17,2241032.91,296960.0529,477232.0819,303840.2594,1263792.858,1562781.161,778251.3567,2347915.26,train
8/15/25,1065198.1,241534.68,506392.3,335337.83,1306732.78,841730.13,2148462.91,291205.2546,460240.2918,292716.2758,1204392.893,1495189.654,750256.0333,2252534.304,train
8/16/25,1038413.15,214717.66,500750.8,303510.17,1253130.81,804260.97,2057391.78,282961.2503,476936.4418,308500.8753,1181408.503,1464755.882,781257.639,2247891.173,train
8/17/25,1877548.65,359878.12,556139.4,330289.06,2237426.77,886428.46,3123855.23,372754.3559,558716.8683,353284.8825,1811907.593,2203757.872,910270.5249,3152349.138,train
8/18/25,1432472.2,351713.83,561196.4,332813.04,1784186.03,894009.44,2678195.47,393867.5025,548786.3213,345036.8818,1752392.685,2156621.627,894040.2992,3083035.593,train
8/19/25,1349627.7,315759.01,503254.75,310078.16,1665386.71,813332.91,2478719.62,333982.1596,499742.334,330847.6336,1353360.638,1685191.341,826373.0561,2521099.399,train
8/20/25,1327193.74,313004.64,516082.15,346791.6,1640198.38,862873.75,2503072.13,327957.2306,511566.9638,330673.7767,1390180.786,1722017.991,840459.8189,2571808.143,train
8/21/25,1237528,297397.69,498779.35,340622.11,1534925.69,839401.46,2374327.15,315183.1315,493561.4889,319114.0483,1321145.471,1638681.615,811043.9712,2457670.179,train
8/22/25,1281761.4,307268.81,505956.2,331870.13,1589030.21,837826.33,2426856.54,309101.7656,475436.0894,307141.5361,1259460.573,1568280.403,781046.5787,2357496.323,train
8/23/25,1121018.8,265508.79,501590.5,284660.53,1386527.59,786251.03,2172778.62,300361.9228,492053.5538,323385.2835,1235714.497,1536685.49,812375.5309,2352078.623,train
8/24/25,1268599.15,318534.02,543933.25,324831.28,1587133.17,868764.53,2455897.7,325875.7356,552085.1187,362722.496,1398563.042,1732027.185,913026.1927,2651730.559,train
8/25/25,1210385.23,322250.73,511751.15,349995.78,1532635.96,861746.93,2394382.89,344310.9987,541458.2132,353875.9963,1352687.24,1695032.1,895517.9473,2592315.611,train
8/26/25,1147514.9,308750.29,457643.25,344131.37,1456265.19,801774.62,2258039.81,354450.2839,513266.2818,345701.2833,1415765.148,1768105.222,855764.1502,2634569.857,train
8/27/25,1280506.7,332620.23,448063.55,350207.46,1613126.93,798271.01,2411397.94,347997.3148,524516.9589,345124.2858,1454072.982,1806464.448,868994.2112,2685910.961,train
8/28/25,1163690.57,332425.82,476663.35,346865.73,1496116.39,823529.08,2319645.47,334368.8217,505149.2336,332666.4145,1381533.939,1718616.763,837199.1318,2564901.03,train
8/29/25,1075536.75,305294.77,495265.75,302581.38,1380831.52,797847.13,2178678.65,327827.9226,485686.673,319796.8144,1316590.046,1644224.266,804842.5915,2458406.594,train
8/30/25,1053487.61,296454.07,479157.4,332412.78,1349941.68,811570.18,2161511.86,318455.3756,501683.4372,336290.4395,1291215.736,1610407.566,835619.7027,2450604.011,train
8/31/25,2160687.5,428990.21,478783.3,370397.81,2589677.71,849181.11,3438858.82,419348.3561,585707.3072,383985.3876,1979569.67,2421932.788,970561.1724,3432184.579,train
9/1/25,1835402.96,394264.54,627968.35,343553.99,2229667.5,971522.34,3201189.84,442882.734,573244.3999,373901.3375,1913473.253,2368765.542,950118.6552,3351799.923,train
9/2/25,1430164.53,375517.16,477286.35,451795.38,1805681.69,929081.73,2734763.42,375322.0983,520073.9342,357431.9544,1476664.256,1849567.624,875187.4595,2736400.91,train
9/3/25,1444308,381744.63,485100,396345.69,1826052.63,881445.69,2707498.32,368295.4946,530329.3288,356133.3911,1515440.969,1888233.009,886927.1387,2786429.902,train
9/4/25,1406158.72,346815.48,483418.05,350220.43,1752974.2,833638.48,2586612.68,353668.9396,509633.4747,342595.8321,1438605.751,1794877.687,852726.3548,2657574.955,train
9/5/25,1321131.2,344589.32,474280.01,317942.43,1665720.52,792222.44,2457942.96,346534.9849,488921.9805,328681.6614,1369698.612,1715590.481,818071.9337,2543906.951,train
9/6/25,1582327.14,385193.58,516874.83,352289.56,1967520.72,869164.39,2836685.11,336402.7961,503913.4897,344935.2057,1341949.29,1678625.942,847583.9048,2532385.991,train
9/7/25,1501742.05,373974.36,577102.75,435119.66,1875716.41,1012222.41,2887938.82,364580.9931,563014.88,385614.8986,1516381.54,1889011.234,948833.0561,2848255.497,train
9/8/25,1332012.65,363957.32,499963.15,361618.82,1695969.97,861581.97,2557551.94,384750.4774,549834.3606,374952.5918,1464085.18,1845454.512,926912.1841,2777517.89,train
9/9/25,1274438.9,357702.63,472103.35,356882.79,1632141.53,828986.14,2461127.67,395575.8738,518984.9121,365055.0307,1529467.012,1921396.157,882187.6964,2815468.947,train
9/10/25,1922535.92,427531.51,489018,363430.09,2350067.43,852448.09,3202515.52,387844.3998,528102.0566,363206.3555,1567675.683,1959128.3,892194.1002,2862610.006,train
9/11/25,1597405.82,431514.96,438746.15,347695.06,2028920.78,786441.21,2815361.99,372114.5806,506448.2385,348897.8794,1486270.696,1859868.096,856067.4129,2726047.619,train
9/12/25,1356725.32,419814.29,466988.25,322610.16,1776539.61,789598.41,2566138.02,364275.1142,484896.3124,334247.5985,1413197.375,1775345.186,819665.0441,2605415.04,train
9/13/25,1334536.3,390864.82,480003.85,341775.7,1725401.12,821779.55,2547180.67,353288.5212,498803.7566,350275.1392,1382678.266,1734720.46,847614.5206,2589586.889,train
9/14/25,3797225.09,647100.8,570315.7,386341.94,4444325.89,956657.64,5400983.53,464429.0995,579999.2803,398819.6815,2114570.778,2602468.884,980625.9349,3616110.745,train
9/15/25,2601830.69,642134.69,566115.95,408891.35,3243965.38,975007.3,4218972.68,489626.0719,565435.0776,387246.0579,2038764.678,2538854.903,956277.7833,3520858.04,train
9/16/25,2154669.7,537223.07,544185.7,386383.51,2691892.77,930569.21,3622461.98,414171.9095,511049.5043,369143.3961,1569239.432,1977178.635,877559.5064,2865769.364,train
9/17/25,1708701.99,472791.22,501394.05,360486.52,2181493.21,861880.57,3043373.78,405643.6991,519238.4106,366768.8659,1606142.953,2013093.073,886103.8894,2909368.298,train
9/18/25,1735895.94,426044.84,502934.6,317257.07,2161940.78,820191.67,2982132.45,388767.5481,497256.0105,351842.961,1520566.245,1908330.989,848961.2438,2766492.527,train
9/19/25,1582193.72,403397.51,487594.65,304806.46,1985591.23,792401.11,2777992.34,380154.1566,475498.7207,336620.8172,1443754.735,1818974.018,811744.9713,2640275.947,train
9/20/25,1619164.91,398591.85,485532.15,321034.7,2017756.76,806566.85,2824323.61,368271.9162,488595.1058,352302.807,1410593.126,1774801.697,838372.8515,2620591.057,train
9/21/25,1893276.98,456569.26,556317,407834.83,2349846.24,964151.83,3313998.07,398270.5173,544377.9932,392791.925,1589533.967,1991627.655,935739.4506,2938956.122,train
9/22/25,1531204.18,478150.08,489590.7,359660.97,2009354.26,849251.67,2858605.93,419391.1952,530288.9555,380921.1145,1530480.592,1940238.167,911603.7538,2857891.657,train
9/23/25,1552693.2,433239.46,469376.11,378868.19,1985932.66,848244.3,2834176.96,430238.1821,499408.328,369904.3227,1594455.304,2014433.108,865425.8519,2889020.493,train
9/24/25,1565582.99,435864.3,451285.8,355459.54,2001447.29,806745.34,2808192.63,420882.5059,507185.7225,367097.9642,1629881.064,2048306.573,873243.6311,2929648.527,train
9/25/25,1595566.79,425983.49,457053.15,351639.71,2021550.28,808692.86,2830243.14,402894.7687,485587.0372,351764.5165,1541160.439,1939224.286,836187.417,2782843.587,train
9/26/25,1409689.01,405967.28,418729,333668.1,1815656.29,752397.1,2568053.39,393500.8493,464306.7424,336184.2903,1461611.056,1846145.396,799226.9856,2653314.997,train
9/27/25,1397274.25,399328.08,412993.77,319954.86,1796602.33,732948.63,2529550.96,380749.061,477152.3779,351484.8607,1426474.308,1799197.426,825266.7111,2631232.327,train
9/28/25,1953250.96,495903.26,463520.95,343253.57,2449154.22,806774.52,3255928.74,499362.6552,554470.7697,399298.1536,2176303.477,2692375.739,953654.1065,3666511.666,train
9/29/25,1650685.02,494381.46,446862.9,343829.96,2145066.48,790692.86,2935759.34,525224.552,540399.6921,386873.2815,2093461.775,2620166.085,929174.3215,3562982.143,train
9/30/25,1605984.5,469346.33,429868.15,340876.21,2075330.83,770744.36,2846075.19,443244.9514,488470.0354,368025.3643,1607828.309,2035743.061,852223.6263,2894918.479,train
10/1/25,1526111.9,429332.14,446691.8,313583.06,1955444.04,760274.86,2715718.9,433103.48,496534.3941,364937.2095,1642269.125,2068128.087,860334.5592,2934301.416,train
10/2/25,1666458.17,425787.1,481461.25,290530.37,2092245.27,771991.62,2864236.89,414118.0315,475924.3094,349431.3216,1551805.96,1956406.666,824368.2291,2786325.364,train
10/3/25,1379544.1,423653.96,405670.8,318295.73,1803198.06,723966.53,2527164.59,404005.0255,455672.0358,333724.0267,1470837.058,1861160.413,788589.578,2656057.314,train
10/4/25,1594335.44,415967.73,424854.85,375417.29,2010303.17,800272.14,2810575.31,390477.9057,468995.3625,348693.8783,1434774.692,1812689.868,815109.4382,2633700.612,train
10/5/25,1527401.87,462237.53,479370,362109.04,1989639.4,841479.04,2831118.44,421324.8096,523610.4223,388170.4308,1614502.028,2030798.588,910817.6032,2951452.986,train
10/6/25,1349779.89,434038.27,420679.95,357858.04,1783818.16,778537.99,2562356.15,442671.5051,511305.3637,375905.1304,1552613.905,1975474.181,888651.3352,2868558.396,train
10/7/25,1423976.23,416108.38,456757.6,370689.7,1840084.61,827447.3,2667531.91,453115.7033,482896.9773,364560.0602,1615840.663,2048344.262,845191.2104,2898983.978,train
10/8/25,1520993.92,442412.29,493782.7,412793.26,1963406.21,906575.96,2869982.17,442298.6013,492000.9435,361370.4982,1650363.498,2080454.835,854693.9541,2939626.609,train
10/9/25,1396971.26,423786.29,489389.75,399502.85,1820757.55,888892.6,2709650.15,422492.9973,472751.6811,345915.1635,1559548.752,1967827.354,820498.5828,2792883.128,train
10/10/25,1517015,422943.48,554092.85,389202.42,1939958.48,943295.27,2883253.75,411782.0455,453838.9694,330292.5347,1478436.779,1871998.221,786484.5884,2664079.348,train
10/11/25,1387729.37,373148.68,513611.95,385845.07,1760878.05,899457.02,2660335.07,397628.0296,468429.7665,345056.0178,1442611.144,1823417.404,814712.6252,2643745.928,train
10/12/25,2207347.73,470889.42,596597,379561.88,2678237.15,976158.88,3654396.03,519660.1786,548525.5444,391742.3994,2200976.66,2727719.246,944782.5482,3687430.328,train
10/13/25,2009626.19,498584.58,565946.35,378211.41,2508210.77,944157.76,3452368.53,544677.9878,538907.0062,379360.0398,2117723.303,2654238.621,924072.0961,3587587.181,train
10/14/25,1627517.4,411066.72,514963.85,324611.52,2038584.12,839575.37,2878159.49,458097.4939,491202.7655,360744.6472,1627235.604,2062399.022,851063.7379,2919109.243,train
10/15/25,1589511.3,409417.58,523373.3,343108.58,1998928.88,866481.88,2865410.76,446122.9677,503654.9673,357634.6646,1663261.237,2095838.476,862983.8456,2963806.572,train
10/16/25,1618299.66,383436.74,560109.65,364588.78,2001736.4,924698.43,2926434.83,425174.1355,487092.9446,342407.0766,1573104.8,1983637.975,830815.0938,2819761.267,train
10/17/25,1533257.82,370273.67,556898.9,347156.39,1903531.49,904055.29,2807586.78,413467.773,470692.8244,327030.2124,1492750.175,1888434.941,798723.7479,2693738.465,train
10/18/25,1437408.52,372462.68,514558.9,350256.6,1809871.2,864815.5,2674686.7,398379.7916,489077.0437,341762.2133,1458162.292,1840975.741,829910.944,2677449.708,train
10/19/25,1675208.55,438658.38,581159.65,425917.66,2113866.93,1007077.31,3120944.24,428547.2962,551370.3637,380575.5522,1643448.817,2064847.976,932431.6344,3008320.282,train
10/20/25,1465654.2,398649.13,556535.75,358982.19,1864303.33,915517.94,2779821.27,448931.6854,543794.503,368717.88,1583326.461,2011305.827,914911.1619,2932094.552,train
10/21/25,1748002.2,486972.24,556871.65,484480.23,2234974.44,1041351.88,3276326.32,458207.1426,518812.8284,357800.1838,1651150.287,2088729.419,875281.6198,2972178.86,train
10/22/25,1671829.84,409958.7,575286.75,390174.02,2081788.54,965460.77,3047249.31,446026.1722,534066.5142,354925.1367,1690198.306,2125174.801,890477.8476,3023573.127,train
10/23/25,1627530.19,405276.07,566198.6,392365.85,2032806.26,958564.45,2991370.71,424908.194,518556.0552,340033.8796,1601078.826,2014013.764,860151.3598,2882436.297,train
10/24/25,1622275.41,402246.17,599242.9,419406.67,2024521.58,1018649.57,3043171.15,413060.123,503090.1516,324993.3756,1521788.656,1919989.234,829711.1,2759351.102,train
10/25/25,1555810.05,389859.72,626179.1,415558.86,1945669.77,1041737.96,2987407.73,397862.6344,524814.6087,339892.5788,1489075.789,1874445.182,865019.063,2748532.877,train
10/26/25,2784410.2,995015.07,805054.3,639779.52,3779425.27,1444833.82,5224259.09,427877.8469,593993.5544,378801.9923,1681278.025,2105568.003,975154.445,3094938.767,train
10/27/25,46221012.22,11109481.72,6917765.4,5750860.9,57330493.94,12668626.3,69999120.24,7739190.948,5264611.431,3594905.84,32883999.2,40708848.66,8890038.974,49960366.85,train
10/28/25,21509510.83,5805522.82,4350464,3811075.09,27315033.65,8161539.09,35476572.74,4539997.662,3761678.034,2815151.536,17806038.47,22326227.51,6474845.007,28979474.99,train
10/29/25,26907212.91,6241479.01,5704867.1,4457260.42,33148691.92,10162127.52,43310819.44,5286702.425,5174463.114,3545197.49,22863712.92,28222544.23,8683641.982,37125190.86,train
10/30/25,2115461.35,476968.42,462361.3,337587.75,2592429.77,799949.05,3392378.82,514810.1012,591373.8424,346480.9112,2236880.213,2759823.092,943725.6384,3720871.323,train
10/31/25,1327187.85,351390.21,399985.55,294736.05,1678578.06,694721.6,2373299.66,412165.2656,552248.1275,325021.187,1571877.961,1974203.745,881993.986,2871089.011,train
11/1/25,1308565.1,309016.06,487032.9,318383.9,1617581.16,805416.8,2422997.96,397008.2827,578092.971,340284.2307,1541194.149,1930779.325,922347.1562,2866347.445,train
11/2/25,1381978.8,359696.26,576002.6,351770.56,1741675.06,927773.16,2669448.22,426986.4674,656476.7264,379654.4739,1743656.721,2172716.323,1042869.572,3234897.279,train
11/3/25,1435050.95,383232.46,511391.75,318827.22,1818283.41,830218.97,2648502.38,447248.4173,652056.1,368557.1194,1686379.51,2123503.819,1029643.435,3166999.725,train
11/4/25,1611980.65,362903.81,540636.85,329197.9,1974884.46,869834.75,2844719.21,456481.5224,626384.3708,358380.5173,1765514.248,2212791.11,991024.2649,3224596.129,train
11/5/25,1634864.79,404425.7,582298.6,350638.65,2039290.49,932937.25,2972227.74,444378.9252,649080.7933,356255.1201,1814406.74,2259191.47,1014169.816,3294881.615,train
11/6/25,2297604.25,444579.42,661935.85,342899.66,2742183.67,1004835.51,3747019.18,514091.4838,661280.1413,348866.7521,2338624.23,2868224.068,1020055.604,3922974.242,train
11/7/25,1739994.02,398512.12,593966.7,329453.73,2138506.14,923420.43,3061926.57,411702.8232,619050.2909,327649.5356,1646586.881,2055329.971,955522.5264,3033175.866,train
11/8/25,1785010.51,380891.98,601804.4,311684.12,2165902.49,913488.52,3079391.01,396686.7732,649480.0531,343447.6833,1617533.413,2013567.922,1001368.873,3034084.723,train
11/9/25,1589900.46,397304.62,691269.85,383403.93,1987205.08,1074673.78,3061878.86,426789.6858,739038.8527,383645.1668,1833433.616,2269674.557,1134427.678,3430609.28,train
11/10/25,3104968.38,1350838.57,783403.4,521472.77,4455806.95,1304876.17,5760683.12,447214.1683,735379.6907,372879.3271,1776406.34,2221876.824,1122017.115,3364580.317,train
11/11/25,39135225.43,9699722.22,8183842.9,5498351.16,48834947.65,13682194.06,62517141.71,8170476.997,9053162.182,5223150.386,36222482.46,44602288.55,14294508.19,59359429.86,train
11/12/25,14266291.01,3830938.61,3886531,2603477.11,18097229.62,6490008.11,24587237.73,3731591.67,5127606.604,3028839.808,14854186.41,18538068.52,8077422.663,26825363.6,train
11/13/25,10025588.12,2681718.91,2933123.2,1813303.64,12707307.03,4746426.84,17453733.87,2710546.07,3937758.995,2252564.311,10863084.11,13539942.09,6125804.091,19820994.72,train
11/14/25,10336366.3,3022564.11,2761569.1,1804828.13,13358930.41,4566397.23,17925327.64,3092925.879,3781290.667,2337682.915,11015638.1,13947504.81,5961254.688,20092683.46,train
11/15/25,16910154.49,4233002.86,4524147.2,2848269.55,21143157.35,7372416.75,28515574.1,4053599.469,5461917.539,3442002.033,16197204.61,20137455.69,8599103.164,29001469.12,train
11/16/25,2491439.25,461358.59,771491.75,376968.29,2952797.84,1148460.04,4101257.88,519690.2978,873721.6083,398655.2581,2641495.329,3196963.765,1287899.662,4569799.595,train
11/17/25,1619357.92,393491.48,671259.4,311243.62,2012849.4,982503.02,2995352.42,448763.0893,833802.562,380313.929,1890611.822,2346855.085,1230588.867,3607626.541,train
11/18/25,1645160.14,388419.82,673497.45,275157.02,2033579.96,948654.47,2982234.43,458495.6272,801951.6947,370649.5462,1984856.393,2451803.699,1186301.86,3682269.128,train
11/19/25,2305720.01,484190.86,719297.5,307823.77,2789910.87,1027121.27,3817032.14,446818.6037,831577.5196,369269.6698,2045110.71,2509206.443,1215384.901,3770804.004,train
11/20/25,1848872.29,404962.75,778045.3,333124.77,2253835.04,1111170.07,3365005.11,426208.735,812676.7178,355317.0077,1949582.404,2391516.092,1181473.871,3617501.985,train
11/21/25,1668535.1,416440.03,783185.25,321887.75,2084975.13,1105073,3190048.13,414909.3235,792889.4669,341076.7184,1864374.596,2292439.808,1146135.77,3483705.83,train
11/22/25,1563225.07,345456.21,824070,325279.02,1908681.28,1149349.02,3058030.3,400257.5892,831062.9624,358256.2256,1834988.26,2249923.606,1200835.135,3489461.844,train
11/23/25,2958636.35,1076285.05,1084026.6,577432.63,4034921.4,1661459.23,5696380.63,431165.3982,944224.3238,402014.1898,2083383.341,2540133.503,1363408.82,3949647.712,train
11/24/25,21293392.16,5814718.48,5782580.4,3549277.38,27108110.64,9331857.78,36439968.42,6127403.933,6738902.144,4406425.947,21307448.75,26944459.86,10560678.49,37840588.93,train
11/25/25,10627847.55,3198556.81,3374452.6,2165189.65,13826404.36,5539642.25,19366046.61,3651035.648,4123914.727,2986472.677,10985243.42,14190418.92,6605415.823,20957318.82,train
11/26/25,9295426.67,2667362.91,3398594.1,1861267.68,11962789.58,5259861.78,17222651.36,2801258.716,4054929.288,2563267.586,9630070.898,12211755.26,6269575.877,18605094.75,train
11/27/25,11661824.43,2671024.26,5101338.7,2177035.16,14332848.69,7278373.86,21611222.55,2850524.184,5656172.214,2834751.521,11328431.01,14035805.39,8301060.907,22453682.55,train
11/28/25,26829409,3823058.26,16481541.6,4254688.47,30652467.26,20736230.07,51388697.33,3619076.068,14810064.62,4606425.239,23880702.36,28034521.24,20035113.92,48190686.65,train
11/29/25,13422934.5,2886547.19,6364709.9,2661321.39,16309481.69,9026031.29,25335512.98,2735711.283,6146156.189,2832551.623,12038003.76,14732936.06,8915147.8,23729395.33,train
11/30/25,13926360.66,3019924.1,5988775.93,2910144.31,16946284.76,8898920.24,25845205,2518081.839,5927313.504,2894168.553,11974227.45,14554687.99,8748740.959,23384412.8,train
12/1/25,21732307.89,3728122.39,11453257.2,3511721.53,25460430.28,14964978.73,40425409.01,2918960.788,11175870.68,3309168.645,19325242.47,22773932.32,15185932.31,38038096.25,train
12/2/25,10115933.85,2206688.52,4210315,1734725.17,12322622.37,5945040.17,18267662.54,2273513.584,4515171.387,2034008.832,10768567.41,13092548.46,6522755.354,19685206.82,train
12/3/25,3572527.36,555478.08,1268358.75,404192.49,4128005.44,1672551.24,5800556.68,555548.6759,1059215.4,410993.9808,3153892.251,3758153.425,1507452.671,5360195.877,train
12/4/25,2702045.51,493653.38,1429538,423813.91,3195698.89,1853351.91,5049050.8,530659.1799,1027718.054,396835.5464,3002108.443,3577606.476,1461447.727,5129508.431,train
12/5/25,2897586.04,378856.24,1531220.95,377133.12,3276442.28,1908354.07,5184796.35,474499.6225,1785617.23,460746.3576,3099374.965,3641170.473,2347617.032,6013913.683,train
12/6/25,2828616.28,380089.6,1762276.1,395184.52,3208705.88,2157460.62,5366166.5,458370.3794,1856631.868,485513.4088,3044195.24,3567490.176,2451225.054,6005209.776,train
12/7/25,2707109.25,433844.19,1984238.25,513688.6,3140953.44,2497926.85,5638880.29,494434.8004,2091797.836,545098.8348,3448109.501,4019675.651,2764503.259,6774140.984,train
12/8/25,3786559.99,614239.15,2026758.05,546980.41,4400799.14,2573738.46,6974537.6,519449.729,2059030.59,532393.0954,3336719.994,3931607.51,2719866.7,6624283.331,train
12/9/25,3291570.37,514496.65,2107400.05,564781.42,3806067.02,2672181.47,6478248.49,531784.8507,1957988.045,520741.3098,3493130.873,4097824.205,2606151.514,6732313.948,train
12/10/25,3222976.02,519758.2,2252291.15,586015.61,3742734.22,2838306.76,6581040.98,519276.8388,2006242.567,520587.7266,3587472.834,4182391.823,2652582.088,6861632.257,train
12/11/25,3165448.6,529670.98,2417398.25,563540.41,3695119.58,2980938.66,6676058.24,496303.8367,1936377.241,502551.7973,3407377.261,3973945.106,2560490.113,6548860.053,train
12/12/25,3266050.89,452641.55,2393315.75,511673.15,3718692.44,2904988.9,6623681.34,484088.5783,1864943.171,483898.1978,3245213.285,3796203.504,2465391.787,6271725.4,train
12/13/25,3381670.28,422643.68,2617604.35,521836.83,3804313.96,3139441.18,6943755.14,467890.8683,1928744.123,509747.7445,3179830.229,3711666.141,2562744.35,6244891.097,train
12/14/25,4068221.15,499791.49,2908248.5,584155.4,4568012.64,3492403.9,8060416.54,504972.2623,2161368.847,572094.2618,3592813.794,4173095.403,2877309.314,7024017.169,train
12/15/25,4110651.24,540949.94,3011541.8,661410.48,4651601.18,3672952.28,8324553.46,530791.0206,2116063.955,558521.8602,3467839.539,4072538.634,2818089.794,6848206.392,train
12/16/25,3889706.2,506248.78,2846160.1,586079.63,4395954.98,3432239.73,7828194.71,543661.2008,2001414.133,546038.6228,3620816.824,4234926.43,2688076.025,6938812.139,train
12/17/25,3660238.25,447151.4,2821047.85,609320.31,4107389.65,3430368.16,7537757.81,531121.8733,2039778.822,545592.0562,3708543.419,4312089.541,2723634.5,7050365.095,train
12/18/25,4299662.73,531229.05,2629547.65,492234.28,4830891.78,3121781.93,7952673.71,507850.6486,1958311.147,526390.5487,3512629.913,4087255.879,2617285.663,6708080.552,train
12/19/25,3743055.12,445449.6,2505606.8,413560.18,4188504.72,2919166.98,7107671.7,495560.2273,1876187.827,506542.5924,3336038.985,3894809.649,2508871.201,6404090.363,train
12/20/25,3353041.53,344911.45,2234347.25,368247.08,3697952.98,2602594.33,6300547.31,479169.6697,1930361.362,533254.885,3259490.682,3798532.735,2596479.227,6356632.704,train
12/21/25,3243050.44,321786.53,2027435.4,327336.15,3564836.97,2354771.55,5919608.52,517338.9648,2152225.371,598065.6949,3672186.529,4259930.735,2902567.286,7127186.88,train
12/22/25,2015954.34,278662.47,1198901.65,323525.87,2294616.81,1522427.52,3817044.33,319384.9742,929339.5689,306672.6691,1901813.402,2246379.031,1277053.092,3510327.011,train
12/23/25,1857796.16,303153.01,1065844.6,306259.09,2160949.17,1372103.69,3533052.86,341183.988,760689.7688,308283.0886,1796259.438,2142593.529,1075923.457,3217737.024,train
12/24/25,1435979.62,252207.9,935722.15,290006.49,1688187.52,1225728.64,2913916.16,296456.5737,695841.0969,308755.5538,1463060.889,1758927.94,996265.0454,2750521.444,train
12/25/25,2176623.46,326833.59,1408653.35,362152.12,2503457.05,1770805.47,4274262.52,467755.4347,1022616.829,446205.0901,2420920.911,2909171.261,1510278.929,4428198.95,train
12/26/25,2548895.78,519526.87,1484516.55,526340.56,3068422.65,2010857.11,5079279.76,456551.6809,975466.4131,429029.6289,2292537.645,2765103.279,1442231.289,4214793.591,train
12/27/25,2562668.14,421785.46,1187014.15,409466.59,2984453.6,1596480.74,4580934.34,441553.1711,999447.6401,451278.2249,2233485.457,2689910.116,1487151.743,4171199.406,train
12/28/25,2273795.95,391508.1,1043772.4,440610.22,2665304.05,1484382.62,4149686.67,476824.5734,1109892.146,505698.4417,2509117.689,3009081.381,1656665.923,4663329.009,train
12/29/25,2653223.75,538522.02,1118903.2,470535.17,3191745.77,1589438.37,4781184.14,501471.9261,1077177.103,492925.5938,2408028.416,2921827.295,1610311.046,4519577.765,train
12/30/25,2557594.3,496285.41,1085017.15,447791.29,3053879.71,1532808.44,4586688.15,513881.0931,1010307.132,481135.1326,2500014.888,3023173.137,1524830.716,4552617.579,train
12/31/25,1869596.22,390421.06,881700.9,315694.71,2260017.28,1197395.61,3457412.89,502248.9846,1021457.94,479957.4984,2546231.204,3063048.867,1534202.068,4599337.928,train
1/1/26,1891056.43,393494.5,859391.1,392078.89,2284550.93,1251469.99,3536020.92,480430.8727,973225.0957,462301.7987,2398380.239,2889183.587,1464456.304,4351612.728,train
1/2/26,1995477.96,473149.65,911413.05,477436.63,2468627.61,1388849.68,3857477.29,468965.5387,925731.658,444131.1009,2265417.637,2739944.058,1394896.453,4131863.228,train
1/3/26,1986365.95,455657.85,957766.7,461196.59,2442023.8,1418963.29,3860987.09,453589.6619,946055.6128,466773.2887,2201639.351,2659654.002,1434966.613,4079695.61,train
1/4/26,2812757.7,536711.49,857923.6,509360.66,3349469.19,1367284.26,4716753.45,594758.2592,1092868.032,533047.227,3344170.722,3963652.824,1651558.329,5659141.945,train
1/5/26,2605791.57,553898.46,849867.7,533096.44,3159690.03,1382964.14,4542654.17,625516.278,1058494.11,519167.7767,3202162.93,3841022.277,1602282.929,5473428.854,train
1/6/26,3020868.89,562668.14,739547.95,537402.92,3583537.03,1276950.87,4860487.9,527926.4356,950506.3916,496463.2343,2447663.441,2971288.202,1462922.93,4425391.515,train
1/7/26,2731061.72,605936.88,762226.55,588372.3,3336998.6,1350598.85,4687597.45,515966.7892,959565.0263,494875.3698,2487802.079,3005038.818,1469777.413,4462854.192,train
1/8/26,2381825.43,591601.94,727342.1,552014.59,2973427.37,1279356.69,4252784.06,493533.5653,913145.6846,476325.9736,2338815.146,2829638.699,1401250.906,4215580.976,train
1/9/26,2293972.46,525922.55,745133.5,533811.21,2819895.01,1278944.71,4098839.72,481727.2737,867772.1963,457287.6571,2205155.448,2679196.186,1333380.175,3996756.01,train
1/10/26,2242381.94,510676.14,789176.95,527227.44,2753058.08,1316404.39,4069462.47,465896.6718,886241.5233,480285.2333,2139465.937,2596833.014,1370656.94,3941033.198,train
1/11/26,2442740.85,620262.74,934495.8,661442.69,3063003.59,1595938.49,4658942.08,503086.6653,981535.6458,537430.4152,2394086.404,2894938.836,1522858.489,4391207.108,train
1/12/26,2560130.93,615910.55,774916.95,624722.32,3176041.48,1399639.27,4575680.75,529043.1165,950564.5308,523134.8801,2289172.399,2801879.228,1477012.278,4242764.844,train
1/13/26,2203880.13,575956.17,713220.6,581282.96,2779836.3,1294503.56,4074339.86,542063.8745,890130.0872,509952.4177,2368444.834,2890288.714,1396192.824,4261898.595,train
1/14/26,2192774.67,570091.67,745128,597526.93,2762866.34,1342654.93,4105521.27,529704.7086,899004.8224,508073.7975,2404538.027,2920200.794,1402994.022,4294951.713,train
1/15/26,2209480.16,554546.86,780417.7,628494.6,2764027.02,1408912.3,4172939.32,506590.0082,856112.4424,488815.1164,2258278.761,2747354.255,1338131.433,4054772.126,train
1/16/26,2122528.19,524979.99,783131,588179.1,2647508.18,1371310.1,4018818.28,494381.315,814349.4955,469095.3733,2127398.275,2599348.999,1274124.393,3842811.921,train
1/17/26,2126372.85,560078.35,788705.65,639565.95,2686451.2,1428271.6,4114722.8,478040.392,832682.9267,492521.1801,2062553.88,2517886.272,1310857.879,3788372.074,train
1/18/26,,,,,,,,940233.2167,1104096.357,608089.888,4651828.447,5560510.821,1728402.16,7648632.306,future
1/19/26,,,,,,,,988519.6022,1071051.091,591780.5193,4446080.497,5379820.538,1678487.304,7390681.103,future
1/20/26,,,,,,,,555814.667,840542.7673,522588.9025,2280381.839,2799381.716,1340340.113,4097804.91,future
1/21/26,,,,,,,,543003.9631,850715.1406,520604.9196,2314800.816,2828043.306,1349088.716,4131155.687,future
1/22/26,,,,,,,,519170.2999,811999.1224,500843.8083,2173988.535,2660687.953,1289068.41,3902177.505,future
1/23/26,,,,,,,,506516.9291,774318.7086,480640.6757,2048259.959,2517689.842,1229857.366,3700642.647,future
1/24/26,,,,,,,,489632.3022,793868.9025,504674.7276,1986349.089,2439401.155,1268040.151,3651119.161,future
1/25/26,,,,,,,,528444.7139,882999.1367,564631.1605,2222350.508,2719101.125,1413587.46,4071641.084,future
1/26/26,,,,,,,,555409.2805,859128.6837,549586.5205,2125151.48,2631997.891,1376111.507,3938435.494,future
1/27/26,,,,,,,,568757.6876,808550.0984,535774.0354,2199514.884,2715992.8,1306051.667,3961708.369,future
1/28/26,,,,,,,,555463.1513,820985.9957,533898.0607,2234385.647,2745679.106,1318093.884,3999015.763,future
1/29/26,,,,,,,,530900.2192,786242.9629,513813.534,2100265.014,2585215.476,1262948.494,3782531.48,future
1/30/26,,,,,,,,517778.3083,752331.2578,493288.4579,1980700.568,2448406.947,1208387.047,3592418.648,future
1/31/26,,,,,,,,500337.3889,774030.501,518194.2947,1922861.579,2374543.669,1249562.895,3549824.261,future
2/1/26,,,,,,,,539798.6798,864001.4914,580055.1408,2153786.151,2649550.56,1397166.099,3965103.82,future
2/2/26,,,,,,,,567128.2467,843675.6872,564918.5233,2062117.123,2567520.422,1364268.624,3841868.528,future
2/3/26,,,,,,,,580534.4484,796890.5928,551058.5633,2137058.602,2652572.4,1298800.374,3871333.678,future
2/4/26,,,,,,,,566741.9748,812094.4009,549491.3437,2173918.015,2684877.448,1314841.035,3914824.885,future
2/5/26,,,,,,,,541463.8083,780556.4986,529192.2602,2046353.646,2531222.108,1263748.635,3709716.765,future
2/6/26,,,,,,,,527866.2894,749591.4507,508431.2152,1932723.016,2400466.227,1212905.166,3529864.358,future
2/7/26,,,,,,,,509875.181,773973.5615,534519.8657,1879153.133,2331240.992,1258103.984,3494626.141,future
2/8/26,,,,,,,,549858.5821,866988.3156,598819.3949,2108121.925,2604879.138,1411011.1,3910904.108,future
2/9/26,,,,,,,,695972.5707,931299.7801,673066.1537,2744984.656,3335132.358,1544943.554,4736780.286,future
2/10/26,,,,,,,,712118.7518,882634.9667,657130.6545,2849329.262,3450577.884,1475147.933,4782226.344,future
2/11/26,,,,,,,,576561.2688,823198.9252,568763.9712,2138117.678,2651019.332,1339651.454,3883447.275,future
2/12/26,,,,,,,,550603.5225,793753.1149,548261.2996,2015928.791,2502928.064,1291206.169,3686881.478,future
2/13/26,,,,,,,,536538.7612,764605.7317,527250.8901,1907076.601,2377063.539,1242621.148,3514604.457,future
2/14/26,,,,,,,,518020.5282,791798.7194,554838.3972,1857202.426,2311818.49,1292294.683,3485798.012,future
2/15/26,,,,,,,,558391.0855,889440.2695,622187.0649,2086808.067,2586823.33,1452982.485,3907880.381,future
2/16/26,,,,,,,,586147.2922,873836.0917,607061.4544,2004296.294,2513783.588,1426427.703,3800131.976,future
2/17/26,,,,,,,,599471.8336,830236.179,593272.2051,2083660.277,2604311.95,1365052.42,3842883.893,future
2/18/26,,,,,,,,584706.9327,850833.7119,592703.6945,2126190.218,2643311.726,1388826.736,3899541.28,future
2/19/26,,,,,,,,558124.9675,822158.1957,571898.2211,2007558.549,2498807.9,1341238.656,3707693.267,future
2/20/26,,,,,,,,543616.3133,793519.8051,550516.9254,1901776.676,2376029.217,1293116.659,3539434.038,future
2/21/26,,,,,,,,524610.1104,823195.1924,579878.4815,1854479.852,2313482.796,1347040.615,3515070.444,future
2/22/26,,,,,,,,565231.0797,926163.9437,650881.4145,2086351.681,2591514.748,1516802.615,3945544.043,future
2/23/26,,,,,,,,731936.7751,1107753.724,713034.2573,3056672.68,3754706.54,1733457.894,5320944.665,future
2/24/26,,,,,,,,748226.568,1053714.957,697467.2742,3181196.198,3893632.82,1660793.68,5386339.803,future
2/25/26,,,,,,,,591042.3619,889077.0905,621717.7036,2132724.401,2655676.495,1454869.188,3949269.275,future
2/26/26,,,,,,,,563909.9741,859763.8634,600401.5741,2015597.643,2512499.501,1406154.119,3758022.26,future
2/27/26,,,,,,,,548996.1127,830272.0372,578424.4663,1910992.066,2390755.923,1356558.647,3589985.687,future
2/28/26,,,,,,,,529556.8817,861616.8818,609747.2489,1864852.944,2329286.409,1413768.611,3567354.901,future
3/1/26,,,,,,,,570298.3067,969523.5805,684911.0755,2099381.056,2610629.471,1592378.666,4006100.939,future
3/2/26,,,,,,,,598093.6682,953758.4582,669342.8782,2019852.314,2540664.565,1565509.33,3901412.886,future
3/3/26,,,,,,,,611126.8114,906987.5979,655153.0834,2103081.581,2635618.36,1499771.224,3950272.37,future
3/4/26,,,,,,,,595528.5705,929952.236,655490.5911,2148933.196,2678149.893,1527014.698,4012657.578,future
3/5/26,,,,,,,,567936.4262,898698.3137,633362.2781,2031414.681,2534203.13,1475267.609,3818319.151,future
3/6/26,,,,,,,,552671.6808,867136.145,610479.066,1926263.72,2411604.145,1422405.072,3647139.81,future
3/7/26,,,,,,,,532869.4569,898947.9333,643818.3541,1879832.885,2349572.195,1481290.054,3623287.798,future
3/8/26,,,,,,,,573618.4058,1010314.345,723455.5019,2116117.279,2633094.189,1666931.213,4067486.843,future
3/9/26,,,,,,,,761779.2501,1005585.999,759067.7946,2909463.521,3286021.912,1651781.823,4906552.695,future
3/10/26,,,,,,,,778054.1306,954814.3123,743166.3543,3028566.556,3407870.017,1580536.475,4965178.968,future
3/11/26,,,,,,,,598245.5465,964657.0111,692911.0267,2164389.646,2698914.242,1592813.935,4067222.07,future
3/12/26,,,,,,,,570298.0432,930545.0237,669605.8932,2045109.464,2552694.297,1536597.909,3867258.311,future
3/13/26,,,,,,,,554751.3814,896118.7296,645454.4367,1938206.053,2427902.897,1479203.782,3690687.866,future
3/14/26,,,,,,,,534669.0146,927076.9214,680702.3565,1890305.453,2364003.715,1537841.12,3663047.948,future
3/15/26,,,,,,,,575339.9096,1039665.448,764849.3919,2126400.34,2647448.857,1727471.524,4107844.716,future
3/16/26,,,,,,,,602904.9738,1019043.571,747600.6351,2043911.924,2574049.753,1693346.723,3994180.282,future
3/17/26,,,,,,,,615567.877,965314.6343,731791.3563,2125752.472,2667302.025,1617119.629,4037087.416,future
3/18/26,,,,,,,,599404.977,985699.2982,732112.8996,2169311.02,2706950.68,1640951.577,4092932.891,future
3/19/26,,,,,,,,571214.5419,948476.1167,707252.0009,2047724.805,2557888.625,1579701.053,3886572.951,future
3/20/26,,,,,,,,555466.2182,911067.2774,681469.2664,1938645.28,2430431.734,1517410.134,3704031.325,future
3/21/26,,,,,,,,535194.6409,940113.4181,718348.9995,1888647.855,2364011.639,1574082.743,3671076.561,future
3/22/26,,,,,,,,575737.5033,1051542.174,806722.097,2122093.193,2644605.115,1764222.724,4110846.591,future
3/23/26,,,,,,,,738714.1848,1083791.192,793077.667,2766737.808,3403033.548,1841761.118,4979489.315,future
3/24/26,,,,,,,,754030.5998,1023962.967,775799.1834,2873999.42,3522294.703,1754850.438,5025358.158,future
3/25/26,,,,,,,,599345.0141,989168.3557,770681.1819,2156991.888,2694813.959,1664463.95,4077371.344,future
3/26/26,,,,,,,,571023.6914,949356.4826,743936.5948,2033505.499,2543413.649,1598696.551,3865826.437,future
3/27/26,,,,,,,,555159.1555,909589.4448,716223.9961,1922706.154,2413798.527,1532195.329,3678569.598,future
3/28/26,,,,,,,,534790.1398,936239.6297,754320.1531,1870694.898,2345024.423,1585880.67,3640228.782,future
3/29/26,,,,,,,,575194.6713,1044647.465,846329.7487,2099197.51,2620229.579,1773552.569,4070077.646,future
3/30/26,,,,,,,,602482.1933,1018819.248,825943.3635,2012762.625,2541729.85,1730863.96,3945603.044,future
3/31/26,,,,,,,,614878.8916,960360.948,807120.3575,2088120.558,2627717.024,1645739.806,3976048.015,future
4/1/26,,,,,,,,598502.2736,975918.5658,806036.9443,2125558.903,2660596.898,1662811.625,4019043.514,future
4/2/26,,,,,,,,570151.5286,934653.0282,777203.0099,2001395.24,2508281.071,1593986.666,3805156.361,future
4/3/26,,,,,,,,554253.1981,893695.1309,747394.2004,1890064.318,2377838.672,1524815.025,3615904.158,future
4/4/26,,,,,,,,533870.5011,918126.3695,786220.2126,1836786.276,2307631.741,1575416.744,3573527.365,future
4/5/26,,,,,,,,574164.7381,1022606.13,881053.9504,2058824.255,2575811.657,1758860.564,3990495.994,future
4/6/26,,,,,,,,796363.8924,1126796.025,889919.6223,3256261.17,4058695.421,1885471.028,5330084.48,future
4/7/26,,,,,,,,812719.3097,1060517.06,868542.7303,3374707.595,4192116.845,1790067.147,5365196.113,future
4/8/26,,,,,,,,597363.0652,950953.9973,835942.6617,2078274.805,2608248.176,1641671.596,3927252.38,future
4/9/26,,,,,,,,569063.5968,909603.8449,804993.6581,1955098.676,2456934.369,1571726.085,3714648.629,future
4/10/26,,,,,,,,553201.9282,868781.0268,773105.0782,1844791.415,2327419.896,1501792.23,3526768.041,future
4/11/26,,,,,,,,532872.4551,891675.7111,812193.992,1791408.963,2257162.734,1550035.649,3482643.629,future
4/12/26,,,,,,,,573115.9625,992343.2282,908954.9654,2006563.557,2517937.08,1728961.799,3886237.148,future
4/13/26,,,,,,,,600307.1786,965566.8661,884787.7029,1920676.171,2438802.212,1683343.456,3760569.512,future
4/14/26,,,,,,,,612680.7997,908315.1477,862389.7501,1989466.85,2517805.653,1597132.272,3783346.202,future
4/15/26,,,,,,,,881233.4702,1116980.045,957190.4988,3834849.152,4591684.272,1869445.968,6192350.984,future
4/16/26,,,,,,,,839571.0799,1068201.404,920543.932,3606216.632,4323976.164,1789100.25,5855163.774,future
4/17/26,,,,,,,,552431.6543,841599.0738,792351.6155,1793872.762,2270757.143,1472444.151,3427240.221,future
4/18/26,,,,,,,,532198.4899,863868.645,831345.5221,1741613.254,2201890.151,1519545.741,3383891.034,future
4/19/26,,,,,,,,572471.3113,961639.7717,929212.1002,1950565.023,2456122.443,1694945.414,3775886.69,future
4/20/26,,,,,,,,599723.0119,936062.9076,903383.2868,1867025.353,2378973.87,1650423.87,3653995.549,future
4/21/26,,,,,,,,612184.3506,881032.9564,879444.0881,1934012.47,2456284.822,1566279.157,3676691.751,future
4/22/26,,,,,,,,596022.3878,894346.7605,874941.6805,1966170.983,2484344.67,1580091.567,3711881.974,future
4/23/26,,,,,,,,567948.0379,855976.6417,840472.2161,1849380.219,2340111.203,1512904.036,3510964.103,future
4/24/26,,,,,,,,552287.0415,818282.2578,805226.7896,1745089.826,2217005.306,1446063.706,3334041.152,future
4/25/26,,,,,,,,532165.8931,840812.9439,843939.8197,1694929.764,2150664.122,1493359.708,3293590.846,future
4/26/26,,,,,,,,7451240.392,7090108.054,5154736.466,32650976.71,40044521.97,12090904.47,50486677.22,future
4/27/26,,,,,,,,5826024.3,5632237.484,5038575.53,17942594.58,22869874.64,9863127.74,30780348.53,future
4/28/26,,,,,,,,7004402.437,7895367.559,8545708.081,19927205.37,25669589.09,14319299.18,36687219.1,future
4/29/26,,,,,,,,4311963.065,6280889.442,6024452.157,13203976.99,16859047.95,11058646.75,25247331.07,future
4/30/26,,,,,,,,3731880.258,5522856.039,5353974.657,11566127.02,14718602.79,9744513.613,22102212.63,future
5/1/26,,,,,,,,4171871.828,5441899.669,5262753.589,11952438.78,15365827.66,9635179.662,22719461.21,future
5/2/26,,,,,,,,5476749.303,7651917.02,8068483.436,16434174.51,21012555.84,13759792.44,31433170.23,future
5/3/26,,,,,,,,573560.0665,922828.9457,949895.6867,1859099.654,2357906.291,1652707.015,3604135.324,future
5/4/26,,,,,,,,804502.0634,1126682.162,1056396.975,3143633.987,3835686.861,1884650.372,5024387.808,future
5/5/26,,,,,,,,821599.2554,1063810.839,1026824.359,3261906.381,3966882.606,1792895.654,5065502.41,future
5/6/26,,,,,,,,597986.2836,866433.254,890307.7306,1883437.988,2396825.734,1551916.14,3563876.079,future
5/7/26,,,,,,,,570089.1455,832075.8748,854105.0721,1774927.909,2261857.489,1489864.404,3378306.938,future
5/8/26,,,,,,,,554632.9891,798202.0897,817300.8931,1678177.528,2147027.446,1427948.576,3215350.286,future
5/9/26,,,,,,,,534681.454,823089.7867,855659.627,1633331.869,2086986.783,1478814.368,3183811.073,future
5/10/26,,,,,,,,575536.457,920607.0268,954461.1309,1834117.718,2333962.093,1655594.991,3563404.631,future
5/11/26,,,,,,,,603350.7637,900511.4668,926210.5195,1760447.826,2266786.523,1618289.693,3459324.091,future
5/12/26,,,,,,,,616315.3384,851820.5196,900144.4454,1828920.201,2347085.402,1541869.463,3492309.93,future
5/13/26,,,,,,,,600462.1744,869105.2708,894175.8368,1864960.92,2380881.121,1561798.378,3537778.413,future
5/14/26,,,,,,,,572577.0598,836116.9519,857791.7426,1759672.792,2249462.699,1501606.946,3358037.541,future
5/15/26,,,,,,,,557174.9962,803460.5621,820856.6057,1665784.325,2137766.88,1441330.912,3200277.771,future
5/16/26,,,,,,,,537246.5894,829897.3662,859464.4688,1623228.242,2080397.965,1494833.008,3173012.873,future
5/17/26,,,,,,,,578417.9695,929719.7643,958855.6761,1824941.96,2329256.033,1675887.636,3555861.551,future
5/18/26,,,,,,,,903085.7127,999920.147,1015936.443,2960379.12,3993551.84,1766779.766,5750724.805,future
5/19/26,,,,,,,,922672.9042,947256.641,987618.5906,3079031.405,4139557.337,1685569.955,5812633.667,future
5/20/26,,,,,,,,603825.7397,881614.0886,899038.2412,1861980.766,2383901.14,1587204.693,3543193.98,future
5/21/26,,,,,,,,575891.6133,849280.4535,862795.2488,1758746.32,2254643.846,1527885.949,3367012.219,future
5/22/26,,,,,,,,560501.6023,817130.241,826015.6687,1666627.365,2144824.615,1468248.333,3212344.352,future
5/23/26,,,,,,,,540548.8735,845000.5299,865302.3987,1625656.442,2089259.079,1524413.4,3188309.129,future
5/24/26,,,,,,,,582072.1686,947660.1916,965907.3986,1829393.575,2341306.62,1710807.792,3576556.645,future
5/25/26,,,,,,,,610426.6496,929330.0696,938093.6522,1759531.626,2278438.13,1676154.757,3479703.011,future
5/26/26,,,,,,,,623766.0789,881174.785,912548.0524,1831587.703,2363658.932,1600538.4,3520267.579,future
5/27/26,,,,,,,,607932.3274,901047.9372,907444.7155,1871215.24,2402078.924,1624619.28,3573252.109,future
5/28/26,,,,,,,,579896.0427,868621.1507,871521.7882,1768748.85,2273441.325,1565079.934,3398163.87,future
5/29/26,,,,,,,,564482.4756,836258.5429,835039.3708,1677219.518,2164113.776,1505017.044,3244333.786,future
5/30/26,,,,,,,,544466.8588,865240.3147,875494.8481,1636974.765,2109299.567,1563545.301,3222108.486,future
5/31/26,,,,,,,,586374.5417,970786.9959,978151.7237,1843126.299,2365029.997,1755676.674,3616540.914,future
6/1/26,,,,,,,,766370.8063,942166.3357,1030989.218,2594534.944,2945781.48,1708827.864,4280422.731,future
6/2/26,,,,,,,,783227.0297,893585.4075,1003880.886,2701904.329,3057238.315,1632402.348,4332245.848,future
6/3/26,,,,,,,,612682.0699,923782.5001,921606.5902,1887605.025,2429457.254,1669269.782,3618020.259,future
6/4/26,,,,,,,,584507.9757,890632.7043,886037.4814,1784754.591,2300042.565,1608544.881,3441834.603,future
6/5/26,,,,,,,,569051.5355,857477.3377,849851.1339,1692778.827,2189965.344,1547155.563,3286873.89,future
6/6/26,,,,,,,,548951.8701,887160.0993,891998.7798,1652432.728,2134891.58,1607587.087,3265004.098,future
6/7/26,,,,,,,,591290.4105,995276.5295,997707.9473,1860726.623,2394035.738,1805332.376,3665203.791,future
6/8/26,,,,,,,,620273.1662,976208.8409,970987.7695,1790607.927,2331039.454,1769715.17,3568068.72,future
6/9/26,,,,,,,,634013.1664,925668.2752,946562.2377,1864693.951,2419297.435,1690597.752,3611389.041,future
6/10/26,,,,,,,,618103.2361,946464.923,943330.601,1905590.335,2459443.737,1716584.384,3667084.686,future
6/11/26,,,,,,,,589777.4723,912214.9625,908019.027,1801560.583,2328268.015,1654043.71,3488295.231,future
6/12/26,,,,,,,,574281.1156,877948.0069,872001.9015,1708449.605,2216587.948,1590778.387,3330896.612,future
6/13/26,,,,,,,,554097.4387,907992.7416,916382.674,1667394.86,2160512.204,1652726.681,3308262.335,future
6/14/26,,,,,,,,596947.0665,1018234.654,1026264.971,1877122.752,2422304.536,1855776.755,3713106.434,future
6/15/26,,,,,,,,963106.4869,1087155.511,1128460.271,3428122.984,3945468.981,2004715.837,5727825.254,future
6/16/26,,,,,,,,984651.0635,1030423.711,1101471.84,3568859.805,4093816.892,1914789.994,5796013.053,future
6/17/26,,,,,,,,624417.0122,967043.8619,974034.3528,1920611.937,2486607.151,1763722.784,3712425.59,future
6/18/26,,,,,,,,595944.7652,931643.9501,938775.7201,1815110.453,2353278.419,1699191.772,3530464.683,future
6/19/26,,,,,,,,580433.9126,896265.9549,902697.1245,1720649.718,2239690.952,1633948.255,3370204.897,future
6/20/26,,,,,,,,560185.0183,926558.5844,949859.9897,1678645.209,2182314.261,1697337.247,3346327.008,future
6/21/26,,,,,,,,603677.992,1038653.488,1065123.361,1889032.522,2445926.207,1905631.351,3754723.67,future
6/22/26,,,,,,,,633587.8401,1017960.113,1039237.354,1816610.292,2380223.87,1867568.296,3653389.739,future
6/23/26,,,,,,,,647969.0639,964528.7186,1015678.865,1890426.585,2468884.501,1783662.265,3695827.755,future
6/24/26,,,,,,,,632066.4505,985489.9712,1014793.241,1930471.368,2508322.257,1810710.273,3750841.963,future
6/25/26,,,,,,,,603461.9868,949192.4652,979295.1132,1823723.145,2373065.601,1744451.315,3566080.977,future
6/26/26,,,,,,,,587978.2517,912981.5102,942840.2862,1728172.837,2257830.335,1677530.488,3403400.38,future
6/27/26,,,,,,,,567692.9143,943720.377,993333.7626,1685393.408,2199356.854,1742751.689,3378574.743,future
6/28/26,,,,,,,,612026.1355,1057823.068,1115243.164,1896008.659,2464377.731,1956873.204,3790219.867,future
6/29/26,,,,,,,,780447.491,1089800.923,1148293.762,2470756.729,3201227.148,2009877.719,4585580.999,future
6/30/26,,,,,,,,798532.4626,1032670.139,1123610.643,2570478.931,3319793.223,1920033.239,4638336.856,future
7/1/26,,,,,,,,641699.7033,1003889.819,1066375.399,1936083.681,2525711.17,1860727.718,3785065.185,future
7/2/26,,,,,,,,612970.7519,967123.041,1030272.087,1828691.647,2389211.036,1793274.386,3598530.79,future
7/3/26,,,,,,,,597560.0548,930499.8648,993055.885,1732644.472,2272998.934,1725198.678,3434449.887,future
7/4/26,,,,,,,,577263.3217,962184.8619,1047415.038,1689607.046,2214047.602,1793132.431,3409649.225,future
7/5/26,,,,,,,,622702.1298,1079005.129,1177257.599,1900683.103,2480866.105,2014537.905,3825565.133,future
7/6/26,,,,,,,,654234.3289,1058068.36,1151283.628,1827310.967,2413809.006,1975858.992,3722446.651,future
7/7/26,,,,,,,,669809.4094,1003212.11,1127722.923,1901213.545,2503506.009,1888803.747,3766171.469,future
7/8/26,,,,,,,,654107.5164,1025864.598,1129232.185,1941322.369,2543514.633,1919423.045,3823105.366,future
7/9/26,,,,,,,,625236.8676,989050.778,1092091.726,1834010.556,2406613.691,1851319.757,3635992.923,future
7/10/26,,,,,,,,609933.9588,952399.5621,1053665.037,1738146.944,2290227.016,1782572.98,3471650.96,future
7/11/26,,,,,,,,589630.9431,985733.6383,1112388.606,1695535.349,2231620.32,1854470.652,3448227.83,future
7/12/26,,,,,,,,636502.3136,1106505.842,1251424.761,1908111.609,2501599.08,2085486.162,3870931.89,future
7/13/26,,,,,,,,1223795.991,1381080.409,1363896.794,3951648.084,5235577.275,2449601.066,6906060.835,future
7/14/26,,,,,,,,1253879.166,1310945.185,1337115.836,4113654.255,5433075.524,2344209.725,6991776.97,future
7/15/26,,,,,,,,670123.0552,1055547.92,1203423.161,1952022.792,2568945.062,1993478.858,3876076.663,future
7/16/26,,,,,,,,641050.632,1018926.648,1164747.491,1845346.396,2432295.589,1925006.579,3689219.417,future
7/17/26,,,,,,,,625862.4658,982429.8975,1124597.665,1750167.871,2316350.692,1855773.541,3525385.296,future
7/18/26,,,,,,,,605522.2787,1018167.398,1188111.064,1708617.74,2258851.738,1933033.787,3504679.17,future
7/19/26,,,,,,,,654196.8129,1144477.062,1337502.775,1924480.91,2534264.038,2176613.57,3937958.76,future
7/20/26,,,,,,,,865585.7883,1278238.122,1433181.231,2941626.241,3762581.956,2599125.509,5329418.605,future
7/21/26,,,,,,,,887611.6468,1215054.364,1405866.021,3065206.118,3908240.057,2490583.563,5401063.83,future
7/22/26,,,,,,,,690495.6123,1096436.313,1288468.527,1974519.711,2609937.277,2088821.593,3955244.4,future
7/23/26,,,,,,,,661103.8319,1059934.821,1247690.339,1868628.981,2473707.407,2019772.866,3768689.638,future
7/24/26,,,,,,,,645993.9546,1023457.847,1205239.513,1774247.515,2358371.443,1949735.411,3605379.566,future
7/25/26,,,,,,,,625535.9883,1062228.035,1273842.076,1734154.513,2302444.395,2033609.033,3588333.684,future
7/26/26,,,,,,,,676398.778,1195722.754,1434552.571,1955609.461,2586203.638,2292876.63,4036690.376,future
7/27/26,,,,,,,,712378.3885,1177071.83,1405482.149,1885061.86,2522812.433,2257025.382,3938753.449,future
7/28/26,,,,,,,,731126.3563,1120445.483,1379088.416,1966763.391,2623710.531,2165513.17,3996507.071,future
7/29/26,,,,,,,,715749.2579,1150309.811,1383143.194,2014145.372,2673289.46,2208763.861,4069042.537,future
7/30/26,,,,,,,,685853.7981,1113472.805,1339626.049,1908652.707,2536986.433,2138298.266,3881816.153,future
7/31/26,,,,,,,,670729.4658,1076507.26,1294234.267,1814676.518,2421819.668,2066514.524,3718085.35,future
8/1/26,,,,,,,,650013.7447,1118627.486,1368034.165,1776062.772,2367457.356,2157762.299,3704935.048,future
8/2/26,,,,,,,,703424.811,1260636.468,1540701.352,2005580.344,2662689.343,2435362.802,4172783.037,future
8/3/26,,,,,,,,1147922.436,1587024.34,1776727.961,3756476.468,4697637.344,2983428.198,6343797.093,future
8/4/26,,,,,,,,1179024.275,1512152.173,1743272.877,3924560.174,4891824.522,2865006.461,6444104.676,future
8/5/26,,,,,,,,746036.9852,1216308.456,1485258.159,2073947.102,2763011.367,2352266.884,4220507.576,future
8/6/26,,,,,,,,715384.7804,1178293.694,1438309.602,1967904.183,2625435.753,2278871.207,4030584.766,future
8/7/26,,,,,,,,700088.5417,1139967.379,1389292.399,1873422.954,2509349.202,2203763.151,3864506.748,future
8/8/26,,,,,,,,678911.8859,1185267.983,1468140.316,1835867.881,2455978.892,2302309.13,3854566.921,future
8/9/26,,,,,,,,735158.2287,1336375.261,1652938.785,2075650.001,2765482.427,2599644.309,4345277.144,future
8/10/26,,,,,,,,775325.6901,1317400.191,1618864.049,2005845.351,2704253.14,2562313.931,4248396.63,future
8/11/26,,,,,,,,796779.3907,1255553.422,1587735.376,2097975.581,2819092.775,2461164.747,4318982.685,future
8/12/26,,,,,,,,781005.0427,1290320.121,1591513.099,2153711.011,2879007.624,2512641.079,4405383.399,future
8/13/26,,,,,,,,749281.7291,1249985.308,1540422.15,2045685.817,2738332.394,2434246.178,4209870.804,future
8/14/26,,,,,,,,733589.9755,1209165.642,1487093.241,1949346.865,2619656.909,2353749.264,4038714.122,future
8/15/26,,,,,,,,711690.402,1256885.281,1570534.525,1911983.212,2566129.02,2458433.492,4030306.206,future
8/16/26,,,,,,,,770934.4245,1416564.935,1767056.754,2163492.082,2891781.599,2774960.489,4545241.825,future
8/17/26,,,,,,,,1075234.528,1484692.737,1844595.487,2923219.982,3833516.936,2828971.507,5564879.564,future
8/18/26,,,,,,,,1105293.22,1414065.146,1807758.103,3059540.502,3998854.06,2715698.163,5658650.91,future
8/19/26,,,,,,,,819692.7403,1365060.974,1697534.373,2249377.352,3016229.646,2677363.428,4611311.659,future
8/20/26,,,,,,,,786542.3782,1321183.124,1641642.214,2137631.461,2870209.509,2591692.952,4406869.855,future
8/21/26,,,,,,,,770174.4398,1276711.991,1583388.382,2037810.741,2746886.85,2503636.519,4227506.79,future
8/22/26,,,,,,,,747246.9751,1325557.748,1670659.003,1999403.491,2691571.121,2612236.342,4218107.782,future
8/23/26,,,,,,,,809479.9982,1492051.645,1877859.084,2262941.551,3033787.573,2945139.881,4755909.325,future
8/24/26,,,,,,,,853970.8723,1468047.198,1835958.811,2188787.686,2969092.898,2897807.393,4649819.223,future
8/25/26,,,,,,,,877786.3117,1396112.011,1797373.179,2290964.229,3097241.721,2777965.733,4726149.519,future
8/26/26,,,,,,,,860506.0621,1431344.43,1798209.11,2353097.774,3164632.121,2829904.866,4818859.286,future
8/27/26,,,,,,,,825565.6126,1382978.953,1737012.469,2235876.11,3010961.994,2735080.075,4602388.644,future
8/28/26,,,,,,,,808207.1588,1334033.944,1673397.62,2130957.287,2880880.029,2637802.143,4411957.76,future
8/29/26,,,,,,,,783933.8255,1382477.921,1763486.155,2090096.875,2821909.863,2747470.597,4398659.865,future
8/30/26,,,,,,,,848947.0605,1553090.476,1979729.835,2364579.844,3179332.273,3092034.525,4955128.145,future
8/31/26,,,,,,,,1111798.056,1807775.228,2155171.149,3479396.366,4631965.76,3505675.148,6704613.242,future
9/1/26,,,,,,,,919846.2376,1447299.04,1889995.197,2391168.713,3242181.521,2905482.983,4914289.457,future
9/2/26,,,,,,,,901308.6348,1480682.759,1888362.737,2454316.125,3310436.639,2953965.423,5005117.395,future
9/3/26,,,,,,,,864256.9859,1427569.292,1821633.544,2330239.386,3147251.007,2849231.14,4774631.013,future
9/4/26,,,,,,,,845599.3243,1374044.015,1752512.922,2218988.047,3008714.153,2742266.827,4571368.902,future
9/5/26,,,,,,,,819693.2088,1420813.571,1844295.119,2174407.059,2944392.158,2850363.009,4551639.967,future
9/6/26,,,,,,,,887079.2217,1592643.213,2067540.442,2457487.188,3314011.312,3201142.022,5120491.654,future
9/7/26,,,,,,,,934817.0634,1560432.124,2015969.984,2373176.531,3238198.776,3137250.801,4994426.759,future
9/8/26,,,,,,,,1209116.967,1752215.48,2186281.623,3774260.188,5003554.931,3458110.874,7014711.707,future
9/9/26,,,,,,,,1183803.58,1788778.1,2181263.801,3869309.303,5102819.382,3508540.358,7133762.498,future
9/10/26,,,,,,,,900274.2207,1451325.859,1891589.307,2410558.764,3265416.745,2925402.764,4905168.028,future
9/11/26,,,,,,,,880065.8921,1394033.747,1817199.361,2292509.123,3117655.732,2809923.993,4689150.763,future
9/12/26,,,,,,,,852323.67,1438606.245,1909626.054,2243461.609,3046946.108,2914953.813,4661692.333,future
9/13/26,,,,,,,,921516.5291,1609488.034,2137720.386,2532073.333,3424754.915,3267436.929,5236152.165,future
9/14/26,,,,,,,,970153.8889,1574039.447,2081438.976,2441803.462,3341739.505,3196323.433,5099310.867,future
9/15/26,,,,,,,,995021.8933,1487963.395,2029274.861,2547738.804,3474985.667,3046475.732,5162156.72,future
9/16/26,,,,,,,,973176.5506,1516529.816,2021796.026,2608182.184,3538839.431,3085702.579,5241743.923,future
9/17/26,,,,,,,,931392.694,1456831.811,1944871.778,2469708.439,3355363.181,2965497.412,4985289.899,future
9/18/26,,,,,,,,909492.8936,1397377.656,1865856.392,2345408.479,3198892.585,2844206.069,4758721.313,future
9/19/26,,,,,,,,879843.8285,1440250.202,1958150.682,2291971.586,3121823.923,2946466.163,4724066.718,future
9/20/26,,,,,,,,950195.5771,1609543.363,2189186.653,2583193.229,3503884.44,3298622.518,5298842.829,future
9/21/26,,,,,,,,999199.8661,1572594.045,2128839.946,2487661.841,3414105.969,3223202.15,5153470.93,future
9/22/26,,,,,,,,1270526.307,1457241.777,2225842.216,3704786.077,4547136.501,3049373.471,6450086.713,future
9/23/26,,,,,,,,1241177.838,1484297.361,2214975.095,3787699.364,4624382.521,3086025.681,6541620.685,future
9/24/26,,,,,,,,955916.1005,1452797.744,1982008.886,2506209.616,3414055.543,2982874.095,5020040.825,future
9/25/26,,,,,,,,932334.4711,1393145.166,1899356.499,2377174.082,3250677.906,2859324.278,4786847.367,future
9/26/26,,,,,,,,900870.4294,1435784.028,1991166.904,2320318.57,3168456.535,2961001.18,4747396.744,future
9/27/26,,,,,,,,971748.8866,1604745.61,2223813.816,2612276.076,3552047,3314181.816,5320359.662,future
9/28/26,,,,,,,,1020654.83,1568403.762,2160402.251,2513089.259,3457184.876,3238257.672,5170384.757,future
9/29/26,,,,,,,,1044370.878,1482230.195,2101710.181,2616090.811,3586277.123,3083784.582,5223917.885,future
9/30/26,,,,,,,,1019052.167,1510834.788,2089633.92,2672319.371,3643659.617,3121793.964,5295060.521,future
10/1/26,,,,,,,,973019.1556,1452054.799,2006166.084,2525258.23,3447093.001,2999531.682,5028013.838,future
10/2/26,,,,,,,,947927.3824,1393999.791,1921062.109,2393594.284,3279479.921,2877183.884,4792836.612,future
10/3/26,,,,,,,,914901.2899,1438573.438,2012532.224,2334964.862,3194225.724,2981989.183,4752303.526,future
10/4/26,,,,,,,,985785.646,1610323.695,2246266.299,2627476.352,3578683.855,3341061.833,5325350.699,future
10/5/26,,,,,,,,1034267.48,1576577.811,2180987.316,2526737.379,3481253.026,3268415.011,5175384.535,future
10/6/26,,,,,,,,1409846.742,1583980.381,2459114.028,3576039.099,4868104.567,3310534.249,6564376.947,future
10/7/26,,,,,,,,1374232.337,1617968.419,2443934.8,3652289.233,4944352.695,3356501.287,6655651.512,future
10/8/26,,,,,,,,982915.3167,1468909.81,2022677.07,2537704.597,3467638.408,3041468.361,5037138.865,future
10/9/26,,,,,,,,956623.978,1413687.529,1936307.359,2405537.152,3298623.738,2922878.712,4804116.947,future
10/10/26,,,,,,,,922413.6027,1462773.108,2028052.751,2347029.419,3212825.755,3035511.149,4766656.948,future
10/11/26,,,,,,,,992964.7585,1642043.433,2263245.394,2641827.036,3599862.118,3408471.144,5345662.513,future
10/12/26,,,,,,,,1040877.244,1612434.373,2197293.825,2541580.536,3502567.399,3342147.04,5199883.798,future
10/13/26,,,,,,,,1063022.355,1531564.483,2136514.83,2646409.072,3632912.131,3194963.196,5259993.186,future
10/14/26,,,,,,,,1035330.399,1569551.846,2123452.713,2704575.49,3691368.839,3247774.906,5339307.801,future
10/15/26,,,,,,,,986798.1511,1517111.592,2038161.462,2557536.939,3493279.185,3134454.13,5078572.024,future
10/16/26,,,,,,,,959704.1853,1465218.235,1951517.948,2426446.734,3325126.581,3020813.528,4850350.829,future
10/17/26,,,,,,,,924750.0378,1521590.583,2044530.005,2369752.004,3241035.275,3146478.669,4819724.017,future
10/18/26,,,,,,,,994842.0672,1714420.717,2282397.089,2670305.524,3634526.449,3543832.974,5413811.655,future
10/19/26,,,,,,,,1042223.858,1689899.837,2216776.03,2572039.755,3539621.045,3485747.636,5275101.69,future
10/20/26,,,,,,,,1404314.487,1803078.467,2287126.283,4450128.333,6153135.501,3700166.176,7924067.922,future
10/21/26,,,,,,,,1367043.334,1855032.574,2274346.444,4554246.287,6259195.422,3773594.823,8058609.295,future
10/22/26,,,,,,,,986584.0416,1608717.26,2059495.542,2598957.061,3542176.043,3301178.036,5180983.81,future
10/23/26,,,,,,,,959103.8986,1559861.898,1973227.358,2469595.43,3376044.79,3192133.108,4958159.904,future
10/24/26,,,,,,,,923838.2975,1626320.023,2068736.799,2415850.768,3295190.45,3336120.012,4937120.256,future
10/25/26,,,,,,,,993550.6102,1839695.73,2311181.013,2726916.786,3700603.094,3770109.816,5557542.022,future
10/26/26,,,,,,,,1040595.761,1820535.868,2246561.444,2631243.396,3609424.439,3720822.197,5426987.535,future
10/27/26,,,,,,,,1061920.831,1742685.712,2187326.709,2748354.149,3753517.791,3580320.524,5511763.229,future
10/28/26,,,,,,,,17849440.7,16111071.33,21306960.06,57104433.6,75790185.4,33924282.72,92839919.35,future
10/29/26,,,,,,,,9774060.249,11708112.93,16514325.53,28081439.91,37925272.5,25006854.8,50630721.59,future
10/30/26,,,,,,,,11367312.54,15168915.49,20088020.37,33472657.3,44910933.51,31874497.86,61018254.13,future
10/31/26,,,,,,,,921836.8846,1785230.888,2106529.352,2495367.861,3388236.32,3619653.104,5137045.31,future
11/1/26,,,,,,,,1234368.364,2093851.879,2368385.738,3826046.383,5089433.916,4107845.928,7206866.828,future
11/2/26,,,,,,,,1292899.396,2078954.724,2304692.045,3699306.14,4972889.25,4066183.019,7053474.561,future
11/3/26,,,,,,,,1059823.517,1932140.414,2234615.121,2856117.816,3880161.666,3919270.523,5773879.145,future
11/4/26,,,,,,,,1031678.191,2001500.234,2226703.709,2934403.773,3960546.832,4021312.519,5898070.142,future
11/5/26,,,,,,,,982940.4238,1955163.293,2143065.44,2789947.788,3765550.83,3916784.116,5645879.04,future
11/6/26,,,,,,,,955715.8283,1907846.567,2057768.339,2661585.788,3601446.588,3808942.44,5426743.755,future
11/7/26,,,,,,,,920802.5971,2001179.356,2162173.311,2613968.762,3527469.533,4002476.712,5427056.313,future
11/8/26,,,,,,,,990614.2226,2276699.904,2421046.225,2962158.701,3975264.547,4546691.911,6134928.649,future
11/9/26,,,,,,,,1037949.357,2265085.927,2358772.137,2869370.693,3890740.46,4509365.627,6015587.057,future
11/10/26,,,,,,,,1059742.355,2179040.511,2301925.875,3008590.677,4059913.186,4359176.238,6134095.886,future
11/11/26,,,,,,,,18465792.72,28927745.61,33042639.5,60204195.61,79831041.19,59202361.59,108573607.6,future
11/12/26,,,,,,,,17601363.35,28294798.96,31839381.01,57335544.47,76015204.49,57742126.31,104094496.5,future
11/13/26,,,,,,,,6118244.921,11845109.71,13797695.79,16755837.66,22696688.22,24172894.06,34094647.46,future
11/14/26,,,,,,,,6917540.264,12223617.17,15706907.64,17487402.8,23937465.13,25486597.09,35950474.39,future
11/15/26,,,,,,,,10122716.63,19146292.52,24704595.34,29661630.15,39756143.68,39851152.23,58641051.14,future
11/16/26,,,,,,,,1040937.553,2568372.869,2446868.301,3050269.801,4105107.471,5046712.395,6444169.659,future
11/17/26,,,,,,,,1063412.751,2470682.005,2390508.833,3202013.427,4288279.013,4879827.688,6577202.759,future
11/18/26,,,,,,,,1204175.33,2557140.429,2326597.808,4471691.337,5858658.715,4912819.919,8376063.671,future
11/19/26,,,,,,,,988336.8371,2504879.967,2302863.22,3144692.817,4182267.979,4889966.769,6461386.321,future
11/20/26,,,,,,,,962039.4648,2444601.402,2216008.06,3007146.991,4008843.024,4758570.116,6222566.949,future
11/21/26,,,,,,,,927974.1461,2563141.75,2333367.8,2959708.21,3934410.264,5001463.023,6233158.984,future
11/22/26,,,,,,,,999531.3155,2913223.439,2618101.105,3360379.503,4441887.024,5680125.595,7055702.451,future
11/23/26,,,,,,,,1048591.035,2893959.902,2555818.13,3260548.281,4354368.726,5629480.827,6925722.916,future
11/24/26,,,,,,,,1071969.347,2778249.842,2498982.516,3423569.917,4549916.646,5435546.607,7067408.94,future
11/25/26,,,,,,,,14158503.91,20662854.35,28041153.62,37183127.16,50390225.3,43596845.38,70621096.92,future
11/26/26,,,,,,,,7875716.249,12847963.29,18760406.89,17403337.64,24206173.17,27495746.35,36755383.76,future
11/27/26,,,,,,,,6035602.908,11886713.46,15511682.74,14157120.98,19507735.58,24710859.06,30681012.58,future
11/28/26,,,,,,,,6210761.068,17784482,18723059.85,17191672.48,23085040.01,35263743.14,38655978.6,future
11/29/26,,,,,,,,8724638.279,54234575.9,35469053.25,43020607.94,54298800.73,99328346.01,97503384.46,future
11/30/26,,,,,,,,7172037.735,21326470.98,20217223.22,21375656.82,28498030.04,41678679.76,47041396.54,future
12/1/26,,,,,,,,6264878.385,17374571.74,17998103.91,19660695.04,26053058.17,34775800.04,41787414.99,future
12/2/26,,,,,,,,6749503.181,34131159.01,21066059.45,33691093.4,42556417.3,62493835.81,70883366.09,future
12/3/26,,,,,,,,4907624.727,14008152.31,12780986.42,17040864.32,22312449.46,27061444.24,34467337.38,future
12/4/26,,,,,,,,1439971.834,3626712.245,2628150.676,5699833.81,7590773.46,6701318.972,10732510.32,future
12/5/26,,,,,,,,952897.284,3085224.242,2570264.651,3356807.364,4402334.525,5974369.009,7088001.253,future
12/6/26,,,,,,,,1027781.755,3478596.62,2885764.214,3803330.925,4961612.522,6742050.96,7998523.998,future
12/7/26,,,,,,,,1079689.326,3426695.17,2818582.811,3681621.05,4854226.112,6637333.898,7824576.742,future
12/8/26,,,,,,,,1105237.968,3261030.232,2757000.504,3855468.126,5060893.995,6363865.261,7955334.107,future
12/9/26,,,,,,,,1079156.777,3343975.223,2756313.976,3960956.384,5166879.966,6481397.32,8111456.179,future
12/10/26,,,,,,,,1031336.111,3230026.012,2660963.889,3763453.981,4910893.422,6260423.732,7744957.818,future
12/11/26,,,,,,,,1536598.017,4485447.794,3181402.522,6430403.83,8137793.939,8795106.846,12161280.77,future
12/12/26,,,,,,,,1454358.88,4302641.156,3207890.128,6258702.658,8106034.474,8834473.532,11523392.38,future
12/13/26,,,,,,,,1168426.25,6761051.918,3725183.493,5823162.709,7327715.571,12122150.88,12627187.96,future
12/14/26,,,,,,,,1228088.533,6624392.221,3637105.387,5622845.186,7153637.761,11880334.53,12316641.36,future
12/15/26,,,,,,,,1257790.222,6270211.748,3556127.757,5873266.764,7441524.865,11339495.77,12485227.84,future
12/16/26,,,,,,,,1228709.731,6395159.311,3553552.747,6018040.922,7579849.074,11496776.58,12691697.22,future
12/17/26,,,,,,,,1174810.55,6144224.149,3428829.132,5702492.7,7187257.479,11054759.14,12081012.49,future
12/18/26,,,,,,,,1029281.278,3148548.07,2683898.292,3696426.172,4826562.086,6165620.423,7600793.552,future
12/19/26,,,,,,,,995191.4628,3241713.846,2825737.606,3613128.563,4708995.379,6384739.034,7547863.645,future
12/20/26,,,,,,,,1196591.857,6766721.014,3896970.94,5969043.363,7499210.955,12281721.67,12853129.8,future
12/21/26,,,,,,,,1258164.22,6596368.336,3802219.261,5747065.527,7302493.32,11984624,12497549.83,future
12/22/26,,,,,,,,1157433.542,3320650.726,3021434.88,4083578.804,5337703.829,6623313.236,8318831.056,future
12/23/26,,,,,,,,1131043.496,3370477.614,3016984.734,4172010.478,5422947.844,6687291.043,8429977.607,future
12/24/26,,,,,,,,1081756.54,3223060.446,2908835.976,3941691.417,5128832.157,6404173.037,7999501.569,future
12/25/26,,,,,,,,1055818.66,3076118.777,2797212.09,3734166.218,4876576.239,6118549.512,7617069.451,future
12/26/26,,,,,,,,1021110.109,3153350.355,2942632.724,3639420.019,4745620.947,6311976.322,7541244.653,future
12/27/26,,,,,,,,1102655.32,3503481.686,3297895.05,4090139.748,5310525.38,7034444.083,8434177.672,future
12/28/26,,,,,,,,1159633.657,3401716.036,3214992.712,3926833.324,5158252.316,6840331.378,8177165.763,future
12/29/26,,,,,,,,1188314.234,3191836.687,3138474.719,4078329.991,5338893.838,6479608.632,8239815.923,future
12/30/26,,,,,,,,1161404.817,3228256.027,3131169.405,4155192.978,5411002.397,6521631.726,8327137.944,future
12/31/26,,,,,,,,1110945.473,3076837.805,3016342.67,3915247.535,5105395.308,6227060.928,7881104.021,future
1/1/27,,,,,,,,1084429.654,2927544.322,2898120.449,3699398.207,4843071.37,5932909.725,7485331.351,future
1/2/27,,,,,,,,1048874.546,2992574.961,3046210.645,3596366.818,4702441.329,6104813.846,7392862.989,future
1/3/27,,,,,,,,1132713.042,3316320.45,3411131.172,4031820.586,5250792.59,6787600.957,8249156.745,future